analysis_latency_mean_ms,case_count,contract_effect_recall,convergence_rate,counterexample_count,counterexample_precision,drift_detection_recall,false_verified_complete_count,forbidden_trace_acceptance_rate,gold_gap,maximal_permissiveness_ratio,method,mutation_category,policy_omission_discovery_recall,refinement_precision,replay_query_efficiency,safe_utility,spurious_counterexample_count,unknown_expected_precision,unknown_rate,validated_counterexample_count
2.1942515,6,1.0,1.0,2,0.0,1.0,0,0.0,0.0,1.0,AuthSynth-CGAR,clean_control,1.0,1.0,0.0,1.0,2,1.0,0.0,0
2.1667837916666666,24,1.0,1.0,5,0.0,1.0,0,0.0,0.0,1.0,AuthSynth-CGAR,composition_omission,1.0,1.0,0.0,1.0,5,1.0,0.0,0
2.0959438333333336,120,1.0,0.8,198,0.8838383838383839,1.0,0,0.0,0.09999999999999998,0.9,AuthSynth-CGAR,compound,0.9333333333333333,1.0,0.3645833333333333,0.9,23,1.0,0.2,175
2.2547683333333333,24,1.0,1.0,29,0.8275862068965517,1.0,0,0.0,0.0,1.0,AuthSynth-CGAR,delayed_effect,1.0,1.0,0.25,1.0,5,1.0,0.0,24
2.3266779583333332,24,1.0,1.0,28,0.8571428571428571,1.0,0,0.0,0.0,1.0,AuthSynth-CGAR,hidden_effect,1.0,1.0,0.25,1.0,4,1.0,0.0,24
2.2495434166666666,24,1.0,1.0,104,1.0,1.0,0,0.0,0.0,1.0,AuthSynth-CGAR,implementation_drift,1.0,1.0,1.0833333333333333,1.0,0,1.0,0.0,104
2.1812570416666666,24,1.0,1.0,37,0.6486486486486487,1.0,0,0.0,0.0,1.0,AuthSynth-CGAR,parameter_role_omission,1.0,1.0,0.25,1.0,13,1.0,0.0,24
2.2937495,24,1.0,1.0,29,0.8275862068965517,1.0,0,0.0,0.0,1.0,AuthSynth-CGAR,state_dependent_effect,1.0,1.0,0.25,1.0,5,1.0,0.0,24
0.24588783333333333,6,1.0,0.0,0,1.0,1.0,0,0.0,0.08333333333333337,0.9166666666666666,AuthSynth-NoCEGAR,clean_control,1.0,1.0,0.0,0.6666666666666666,0,1.0,0.0,0
0.19445108333333336,24,1.0,0.0,0,1.0,1.0,0,0.0,0.20833333333333337,0.7916666666666666,AuthSynth-NoCEGAR,composition_omission,0.0,1.0,0.0,0.7916666666666666,0,1.0,0.0,0
0.21646838333333335,120,0.8245614035087719,0.0,0,1.0,0.0,0,0.16666666666666666,0.18333333333333335,0.8166666666666667,AuthSynth-NoCEGAR,compound,0.0,1.0,0.0,0.8,0,1.0,0.0,0
0.22607783333333334,24,0.8666666666666667,0.0,0,1.0,1.0,0,0.6666666666666666,0.14583333333333337,0.8541666666666666,AuthSynth-NoCEGAR,delayed_effect,0.0,1.0,0.0,0.7916666666666666,0,1.0,0.0,0
0.2234245,24,0.8666666666666667,0.0,0,1.0,1.0,0,0.6666666666666666,0.10416666666666663,0.8958333333333334,AuthSynth-NoCEGAR,hidden_effect,0.0,1.0,0.0,0.8333333333333334,0,1.0,0.0,0
0.2180959166666667,24,0.8666666666666667,0.0,0,1.0,0.0,0,0.6666666666666666,0.10416666666666663,0.8958333333333334,AuthSynth-NoCEGAR,implementation_drift,0.0,1.0,0.0,0.8333333333333334,0,1.0,0.0,0
0.2181070416666667,24,0.8333333333333334,0.0,0,1.0,1.0,0,0.0,0.20833333333333337,0.7916666666666666,AuthSynth-NoCEGAR,parameter_role_omission,0.0,1.0,0.0,0.7916666666666666,0,1.0,0.0,0
0.2269025,24,0.8666666666666667,0.0,0,1.0,1.0,0,0.6666666666666666,0.14583333333333337,0.8541666666666666,AuthSynth-NoCEGAR,state_dependent_effect,0.0,1.0,0.0,0.7916666666666666,0,1.0,0.0,0
0.24980833333333333,6,1.0,0.0,0,1.0,1.0,0,0.0,0.0,1.0,Declared-Contract Monitor,clean_control,1.0,1.0,0.0,1.0,0,1.0,0.0,0
0.23221170833333335,24,1.0,0.0,0,1.0,1.0,0,1.0,0.0,1.0,Declared-Contract Monitor,composition_omission,0.0,1.0,0.0,1.0,0,1.0,0.0,0
0.253018475,120,0.7684210526315789,0.0,0,1.0,0.0,0,1.0,0.0,1.0,Declared-Contract Monitor,compound,0.0,1.0,0.0,1.0,0,1.0,0.0,0
0.25545766666666664,24,0.8,0.0,0,1.0,1.0,0,1.0,0.0,1.0,Declared-Contract Monitor,delayed_effect,0.0,1.0,0.0,1.0,0,1.0,0.0,0
0.2637939166666667,24,0.8,0.0,0,1.0,1.0,0,1.0,0.0,1.0,Declared-Contract Monitor,hidden_effect,0.0,1.0,0.0,1.0,0,1.0,0.0,0
0.24308370833333334,24,0.8,0.0,0,1.0,0.0,0,1.0,0.0,1.0,Declared-Contract Monitor,implementation_drift,0.0,1.0,0.0,1.0,0,1.0,0.0,0
0.25019954166666664,24,0.75,0.0,0,1.0,1.0,0,1.0,0.0,1.0,Declared-Contract Monitor,parameter_role_omission,0.0,1.0,0.0,1.0,0,1.0,0.0,0
0.25812525000000003,24,0.8,0.0,0,1.0,1.0,0,1.0,0.0,1.0,Declared-Contract Monitor,state_dependent_effect,0.0,1.0,0.0,1.0,0,1.0,0.0,0
0.212334,6,0.0,0.0,0,1.0,1.0,0,0.0,1.0,0.0,DenyAll,clean_control,1.0,1.0,0.0,0.0,0,1.0,0.0,0
0.17157691666666666,24,0.0,0.0,0,1.0,1.0,0,0.0,1.0,0.0,DenyAll,composition_omission,0.0,1.0,0.0,0.0,0,1.0,0.0,0
0.18195023333333332,120,0.0,0.0,0,1.0,0.0,0,0.0,1.0,0.0,DenyAll,compound,0.0,1.0,0.0,0.0,0,1.0,0.0,0
0.188793,24,0.0,0.0,0,1.0,1.0,0,0.0,1.0,0.0,DenyAll,delayed_effect,0.0,1.0,0.0,0.0,0,1.0,0.0,0
0.21922404166666667,24,0.0,0.0,0,1.0,1.0,0,0.0,1.0,0.0,DenyAll,hidden_effect,0.0,1.0,0.0,0.0,0,1.0,0.0,0
0.18899812500000002,24,0.0,0.0,0,1.0,0.0,0,0.0,1.0,0.0,DenyAll,implementation_drift,0.0,1.0,0.0,0.0,0,1.0,0.0,0
0.17833283333333336,24,0.0,0.0,0,1.0,1.0,0,0.0,1.0,0.0,DenyAll,parameter_role_omission,0.0,1.0,0.0,0.0,0,1.0,0.0,0
0.18747608333333332,24,0.0,0.0,0,1.0,1.0,0,0.0,1.0,0.0,DenyAll,state_dependent_effect,0.0,1.0,0.0,0.0,0,1.0,0.0,0
0.3911575,6,1.0,0.0,0,1.0,1.0,0,0.0,0.0,1.0,Full-Semantics AuthSynth Upper Bound,clean_control,1.0,1.0,0.0,1.0,0,1.0,0.0,0
0.192302,24,1.0,0.0,0,1.0,1.0,0,0.0,0.0,1.0,Full-Semantics AuthSynth Upper Bound,composition_omission,0.0,1.0,0.0,1.0,0,1.0,0.0,0
0.20098220833333333,120,1.0,0.0,0,1.0,0.0,0,0.0,0.0,1.0,Full-Semantics AuthSynth Upper Bound,compound,0.0,1.0,0.0,1.0,0,1.0,0.0,0
0.19115525,24,1.0,0.0,0,1.0,1.0,0,0.0,0.0,1.0,Full-Semantics AuthSynth Upper Bound,delayed_effect,0.0,1.0,0.0,1.0,0,1.0,0.0,0
0.19398791666666668,24,1.0,0.0,0,1.0,1.0,0,0.0,0.0,1.0,Full-Semantics AuthSynth Upper Bound,hidden_effect,0.0,1.0,0.0,1.0,0,1.0,0.0,0
0.199390875,24,1.0,0.0,0,1.0,0.0,0,0.0,0.0,1.0,Full-Semantics AuthSynth Upper Bound,implementation_drift,0.0,1.0,0.0,1.0,0,1.0,0.0,0
0.19397229166666666,24,1.0,0.0,0,1.0,1.0,0,0.0,0.0,1.0,Full-Semantics AuthSynth Upper Bound,parameter_role_omission,0.0,1.0,0.0,1.0,0,1.0,0.0,0
0.19700795833333332,24,1.0,0.0,0,1.0,1.0,0,0.0,0.0,1.0,Full-Semantics AuthSynth Upper Bound,state_dependent_effect,0.0,1.0,0.0,1.0,0,1.0,0.0,0
0.2558298333333333,6,1.0,0.0,0,1.0,1.0,0,0.0,0.08333333333333337,0.9166666666666666,Multi-Evidence Characterizer,clean_control,1.0,1.0,0.0,0.6666666666666666,0,1.0,0.0,0
0.23734541666666667,24,1.0,0.0,0,1.0,1.0,0,1.0,0.0,1.0,Multi-Evidence Characterizer,composition_omission,0.0,1.0,0.0,1.0,0,1.0,0.0,0
0.24940676666666667,120,0.8245614035087719,0.0,0,1.0,0.0,0,1.0,0.0,1.0,Multi-Evidence Characterizer,compound,0.0,1.0,0.0,1.0,0,1.0,0.0,0
0.25355041666666667,24,0.8666666666666667,0.0,0,1.0,1.0,0,1.0,0.0,1.0,Multi-Evidence Characterizer,delayed_effect,0.0,1.0,0.0,1.0,0,1.0,0.0,0
0.25344483333333334,24,0.8666666666666667,0.0,0,1.0,1.0,0,1.0,0.0,1.0,Multi-Evidence Characterizer,hidden_effect,0.0,1.0,0.0,1.0,0,1.0,0.0,0
0.25188075,24,0.8666666666666667,0.0,0,1.0,0.0,0,1.0,0.0,1.0,Multi-Evidence Characterizer,implementation_drift,0.0,1.0,0.0,1.0,0,1.0,0.0,0
0.25469291666666666,24,0.8333333333333334,0.0,0,1.0,1.0,0,1.0,0.0,1.0,Multi-Evidence Characterizer,parameter_role_omission,0.0,1.0,0.0,1.0,0,1.0,0.0,0
0.2502035833333333,24,0.8666666666666667,0.0,0,1.0,1.0,0,1.0,0.0,1.0,Multi-Evidence Characterizer,state_dependent_effect,0.0,1.0,0.0,1.0,0,1.0,0.0,0
