benchmark,ci95_high,ci95_low,maximum,mean,metric,minimum,seed_count,variant
banking77_closed,0.8943603391041939,0.8921331673893127,0.8967532467532467,0.8932467532467533,known_accuracy,0.8899350649350649,10,R0
banking77_closed,1.0,1.0,1.0,1.0,known_coverage,1.0,10,R0
banking77_closed,0.8943603391041939,0.8921331673893127,0.8967532467532467,0.8932467532467533,accepted_route_accuracy,0.8899350649350649,10,R0
banking77_closed,0.8943603391041939,0.8921331673893127,0.8967532467532467,0.8932467532467533,safe_coverage,0.8899350649350649,10,R0
banking77_closed,0.10786683261068732,0.10563966089580619,0.11006493506493506,0.10675324675324675,wrong_bucket_access_rate,0.10324675324675325,10,R0
banking77_closed,0.0,0.0,0.0,0.0,false_memory_access_rate,0.0,10,R0
banking77_closed,0.0,0.0,0.0,0.0,oos_recall,0.0,10,R0
banking77_closed,0.0,0.0,0.0,0.0,oos_f1,0.0,10,R0
banking77_closed,0.0,0.0,0.0,0.0,oos_auroc,0.0,10,R0
banking77_closed,0.0,0.0,0.0,0.0,oos_aupr,0.0,10,R0
banking77_closed,0.3384781397644657,0.28152186023553427,0.375,0.31,worst_intent_accuracy,0.25,10,R0
banking77_closed,0.8943603391041939,0.8921331673893127,0.8967532467532467,0.8932467532467533,intent_macro_accuracy,0.8899350649350649,10,R0
banking77_closed,0.0,0.0,0.0,0.0,multi_candidate_set_rate,0.0,10,R0
banking77_closed,0.021540755853327306,0.020942265289410615,0.022398738869213074,0.02124151057136896,aurc,0.02066391254369772,10,R0
banking77_closed,0.8573552360184521,0.8524499587867428,0.8597402597402597,0.8549025974025974,known_accuracy,0.8480519480519481,10,R2
banking77_closed,1.0,1.0,1.0,1.0,known_coverage,1.0,10,R2
banking77_closed,0.8573552360184521,0.8524499587867428,0.8597402597402597,0.8549025974025974,accepted_route_accuracy,0.8480519480519481,10,R2
banking77_closed,0.8573552360184521,0.8524499587867428,0.8597402597402597,0.8549025974025974,safe_coverage,0.8480519480519481,10,R2
banking77_closed,0.1475500412132573,0.14264476398154788,0.15194805194805194,0.14509740259740259,wrong_bucket_access_rate,0.14025974025974025,10,R2
banking77_closed,0.0,0.0,0.0,0.0,false_memory_access_rate,0.0,10,R2
banking77_closed,0.0,0.0,0.0,0.0,oos_recall,0.0,10,R2
banking77_closed,0.0,0.0,0.0,0.0,oos_f1,0.0,10,R2
banking77_closed,0.0,0.0,0.0,0.0,oos_auroc,0.0,10,R2
banking77_closed,0.0,0.0,0.0,0.0,oos_aupr,0.0,10,R2
banking77_closed,0.4809903210696501,0.4190096789303499,0.525,0.45,worst_intent_accuracy,0.375,10,R2
banking77_closed,0.8573552360184521,0.8524499587867428,0.8597402597402597,0.8549025974025974,intent_macro_accuracy,0.8480519480519481,10,R2
banking77_closed,0.0,0.0,0.0,0.0,multi_candidate_set_rate,0.0,10,R2
banking77_closed,0.06765392910136862,0.0644157259945566,0.06906295572178721,0.06603482754796261,aurc,0.060656199737606775,10,R2
banking77_open,0.8028196072451624,0.7761547517291966,0.8243589743589743,0.7894871794871795,known_accuracy,0.7621794871794871,10,MAX_THRESHOLD
banking77_open,0.859771626679727,0.8267668348587346,0.8897435897435897,0.8432692307692308,known_coverage,0.8108974358974359,10,MAX_THRESHOLD
banking77_open,0.9443324945187364,0.9284827327830145,0.9526355996944232,0.9364076136508754,accepted_route_accuracy,0.912781954887218,10,MAX_THRESHOLD
banking77_open,0.8028196072451624,0.7761547517291966,0.8243589743589743,0.7894871794871795,safe_coverage,0.7621794871794871,10,MAX_THRESHOLD
banking77_open,0.06106357231928498,0.04650053024481759,0.07435897435897436,0.05378205128205128,wrong_bucket_access_rate,0.0391025641025641,10,MAX_THRESHOLD
banking77_open,0.31624928985743117,0.2463822890899372,0.37236842105263157,0.2813157894736842,false_memory_access_rate,0.19342105263157894,10,MAX_THRESHOLD
banking77_open,0.7536177109100628,0.6837507101425688,0.8065789473684211,0.7186842105263158,oos_recall,0.6276315789473684,10,MAX_THRESHOLD
banking77_open,0.7161285436085947,0.6911839844974501,0.7350119904076738,0.7036562640530224,oos_f1,0.6671328671328671,10,MAX_THRESHOLD
banking77_open,0.8740858526874686,0.8603083780817622,0.8828711201079622,0.8671971153846154,oos_auroc,0.8512246963562753,10,MAX_THRESHOLD
banking77_open,0.7572856312065182,0.7409759319183831,0.7733768810034425,0.7491307815624506,oos_aupr,0.7326889503535392,10,MAX_THRESHOLD
banking77_open,0.4820439053696234,0.3629560946303766,0.55,0.4225,worst_intent_accuracy,0.275,10,MAX_THRESHOLD
banking77_open,0.8028196072451624,0.7761547517291966,0.8243589743589743,0.7894871794871795,intent_macro_accuracy,0.7621794871794871,10,MAX_THRESHOLD
banking77_open,0.0,0.0,0.0,0.0,multi_candidate_set_rate,0.0,10,MAX_THRESHOLD
banking77_open,0.17662350657325654,0.16528029559433177,0.18348934421932503,0.17095190108379416,aurc,0.15716536280341817,10,MAX_THRESHOLD
banking77_open,0.9452736372067002,0.9363930294599664,0.9538461538461539,0.9408333333333333,known_accuracy,0.9320512820512821,10,R0
banking77_open,1.0,1.0,1.0,1.0,known_coverage,1.0,10,R0
banking77_open,0.9452736372067002,0.9363930294599664,0.9538461538461539,0.9408333333333333,accepted_route_accuracy,0.9320512820512821,10,R0
banking77_open,0.9452736372067002,0.9363930294599664,0.9538461538461539,0.9408333333333333,safe_coverage,0.9320512820512821,10,R0
banking77_open,0.06360697054003354,0.05472636279329978,0.06794871794871794,0.059166666666666666,wrong_bucket_access_rate,0.046153846153846156,10,R0
banking77_open,1.0,1.0,1.0,1.0,false_memory_access_rate,1.0,10,R0
banking77_open,0.0,0.0,0.0,0.0,oos_recall,0.0,10,R0
banking77_open,0.0,0.0,0.0,0.0,oos_f1,0.0,10,R0
banking77_open,0.879124640940899,0.8401179366569418,0.9220580296896086,0.8596212887989204,oos_auroc,0.8085247975708502,10,R0
banking77_open,0.7688536266285234,0.7028546523462337,0.8365569527467389,0.7358541394873785,oos_aupr,0.6493343134367014,10,R0
banking77_open,0.8204903642754025,0.7445096357245975,0.85,0.7825,worst_intent_accuracy,0.675,10,R0
banking77_open,0.9452736372067002,0.9363930294599664,0.9538461538461538,0.9408333333333333,intent_macro_accuracy,0.9320512820512821,10,R0
banking77_open,0.0,0.0,0.0,0.0,multi_candidate_set_rate,0.0,10,R0
banking77_open,0.13834116867178406,0.11984597469901256,0.14880449179281308,0.1290935716853983,aurc,0.10341289285116655,10,R0
banking77_open,0.9161946857801333,0.8988053142198666,0.9314102564102564,0.9075,known_accuracy,0.8871794871794871,10,R2
banking77_open,1.0,1.0,1.0,1.0,known_coverage,1.0,10,R2
banking77_open,0.9161946857801333,0.8988053142198666,0.9314102564102564,0.9075,accepted_route_accuracy,0.8871794871794871,10,R2
banking77_open,0.9161946857801333,0.8988053142198666,0.9314102564102564,0.9075,safe_coverage,0.8871794871794871,10,R2
banking77_open,0.10119468578013335,0.08380531421986664,0.11282051282051282,0.0925,wrong_bucket_access_rate,0.0685897435897436,10,R2
banking77_open,1.0,1.0,1.0,1.0,false_memory_access_rate,1.0,10,R2
banking77_open,0.0,0.0,0.0,0.0,oos_recall,0.0,10,R2
banking77_open,0.0,0.0,0.0,0.0,oos_f1,0.0,10,R2
banking77_open,0.8740858526874686,0.8603083780817622,0.8828711201079622,0.8671971153846154,oos_auroc,0.8512246963562753,10,R2
banking77_open,0.7572856312065182,0.7409759319183831,0.7733768810034425,0.7491307815624506,oos_aupr,0.7326889503535392,10,R2
banking77_open,0.6519614814567997,0.5630385185432004,0.7,0.6075,worst_intent_accuracy,0.475,10,R2
banking77_open,0.9161946857801333,0.8988053142198666,0.9314102564102564,0.9075,intent_macro_accuracy,0.8871794871794871,10,R2
banking77_open,0.0,0.0,0.0,0.0,multi_candidate_set_rate,0.0,10,R2
banking77_open,0.1561408317723806,0.14422204591739188,0.16535777935977072,0.15018143884488624,aurc,0.14040261438867657,10,R2
banking77_open,0.19725180590991753,0.15761998896187734,0.2282051282051282,0.17743589743589744,known_accuracy,0.1326923076923077,10,R3
banking77_open,0.1989323292722459,0.15914459380467716,0.22884615384615384,0.17903846153846154,known_coverage,0.13333333333333333,10,R3
banking77_open,0.9960132339842999,0.9859898855507866,1.0,0.9910015597675432,accepted_route_accuracy,0.9708029197080292,10,R3
banking77_open,0.19725180590991753,0.15761998896187734,0.2282051282051282,0.17743589743589744,safe_coverage,0.1326923076923077,10,R3
banking77_open,0.002505665875204738,0.0006994623299234671,0.005128205128205128,0.0016025641025641025,wrong_bucket_access_rate,0.0,10,R3
banking77_open,0.0049762270642931235,0.001602720304127929,0.009210526315789473,0.003289473684210526,false_memory_access_rate,0.0,10,R3
banking77_open,0.9983972796958721,0.9950237729357069,1.0,0.9967105263157895,oos_recall,0.9907894736842106,10,R3
banking77_open,0.5471106721336746,0.5360237425898403,0.5555148406009527,0.5415672073617575,oos_f1,0.5292479108635098,10,R3
banking77_open,0.8740858526874686,0.8603083780817622,0.8828711201079622,0.8671971153846154,oos_auroc,0.8512246963562753,10,R3
banking77_open,0.7572856312065182,0.7409759319183831,0.7733768810034425,0.7491307815624506,oos_aupr,0.7326889503535392,10,R3
banking77_open,0.020834307648494303,-0.0008343076484943045,0.05,0.01,worst_intent_accuracy,0.0,10,R3
banking77_open,0.19725180590991753,0.15761998896187734,0.2282051282051282,0.17743589743589744,intent_macro_accuracy,0.1326923076923077,10,R3
banking77_open,0.0005167197805205013,5.215987898435186e-07,0.001293103448275862,0.0002586206896551724,multi_candidate_set_rate,0.0,10,R3
banking77_open,0.6583103803292351,0.6026281952041718,0.6964662334339929,0.6304692877667034,aurc,0.5637853400559464,10,R3
clinc150,0.8371620430470487,0.8036379569529514,0.852,0.8204,known_accuracy,0.7766666666666666,10,MAX_THRESHOLD
clinc150,0.8575432902561136,0.8231233764105531,0.8866666666666667,0.8403333333333334,known_coverage,0.7913333333333333,10,MAX_THRESHOLD
clinc150,0.9840477513438304,0.9686565903689834,0.9960845732184808,0.9763521708564069,accepted_route_accuracy,0.9529130087789306,10,MAX_THRESHOLD
clinc150,0.8371620430470487,0.8036379569529514,0.852,0.8204,safe_coverage,0.7766666666666666,10,MAX_THRESHOLD
clinc150,0.02655162830603431,0.013315038360632359,0.03933333333333333,0.019933333333333334,wrong_bucket_access_rate,0.0033333333333333335,10,MAX_THRESHOLD
clinc150,0.16055519307709087,0.12294480692290911,0.19975,0.14175,false_memory_access_rate,0.11025,10,MAX_THRESHOLD
clinc150,0.8770551930770908,0.8394448069229091,0.88975,0.85825,oos_recall,0.80025,10,MAX_THRESHOLD
clinc150,0.9044202208377792,0.88487521637995,0.9103359173126616,0.8946477186088646,oos_f1,0.8614101184068892,10,MAX_THRESHOLD
clinc150,0.9354881696501202,0.9207294303498798,0.9457835,0.9281088,oos_auroc,0.909887,10,MAX_THRESHOLD
clinc150,0.973532731942025,0.9671498546630115,0.9785417786099986,0.9703412933025183,oos_aupr,0.9634510163277915,10,MAX_THRESHOLD
clinc150,0.1944261943151343,0.005573805684865693,0.43333333333333335,0.1,worst_intent_accuracy,0.0,10,MAX_THRESHOLD
clinc150,0.8371620430470487,0.8036379569529514,0.852,0.8204,intent_macro_accuracy,0.7766666666666667,10,MAX_THRESHOLD
clinc150,0.0,0.0,0.0,0.0,multi_candidate_set_rate,0.0,10,MAX_THRESHOLD
clinc150,0.47850653736161053,0.46150044882815733,0.49338676241641044,0.47000349309488393,aurc,0.4469009240522852,10,MAX_THRESHOLD
clinc150,0.9839043490854178,0.9763623175812488,0.992,0.9801333333333333,known_accuracy,0.9713333333333334,10,R0
clinc150,1.0,1.0,1.0,1.0,known_coverage,1.0,10,R0
clinc150,0.9839043490854178,0.9763623175812488,0.992,0.9801333333333333,accepted_route_accuracy,0.9713333333333334,10,R0
clinc150,0.9839043490854178,0.9763623175812488,0.992,0.9801333333333333,safe_coverage,0.9713333333333334,10,R0
clinc150,0.02363768241875113,0.016095650914582205,0.028666666666666667,0.019866666666666668,wrong_bucket_access_rate,0.008,10,R0
clinc150,1.0,1.0,1.0,1.0,false_memory_access_rate,1.0,10,R0
clinc150,0.0,0.0,0.0,0.0,oos_recall,0.0,10,R0
clinc150,0.0,0.0,0.0,0.0,oos_f1,0.0,10,R0
clinc150,0.9595163894009531,0.9477740772657135,0.9720403333333333,0.9536452333333333,oos_auroc,0.93813,10,R0
clinc150,0.9827722597803187,0.9774628289832606,0.9882490369920277,0.9801175443817897,oos_aupr,0.973726154814112,10,R0
clinc150,0.8383860233124318,0.7349473100209014,0.9,0.7866666666666666,worst_intent_accuracy,0.7,10,R0
clinc150,0.9839043490854178,0.9763623175812488,0.992,0.9801333333333333,intent_macro_accuracy,0.9713333333333334,10,R0
clinc150,0.0,0.0,0.0,0.0,multi_candidate_set_rate,0.0,10,R0
clinc150,0.41797652546795383,0.40551658218549125,0.4304271278296082,0.41174655382672254,aurc,0.39281922521728285,10,R0
clinc150,0.9737318730709513,0.9550681269290487,0.99,0.9644,known_accuracy,0.938,10,R2
clinc150,1.0,1.0,1.0,1.0,known_coverage,1.0,10,R2
clinc150,0.9737318730709513,0.9550681269290487,0.99,0.9644,accepted_route_accuracy,0.938,10,R2
clinc150,0.9737318730709513,0.9550681269290487,0.99,0.9644,safe_coverage,0.938,10,R2
clinc150,0.044931873070951284,0.02626812692904872,0.062,0.0356,wrong_bucket_access_rate,0.01,10,R2
clinc150,1.0,1.0,1.0,1.0,false_memory_access_rate,1.0,10,R2
clinc150,0.0,0.0,0.0,0.0,oos_recall,0.0,10,R2
clinc150,0.0,0.0,0.0,0.0,oos_f1,0.0,10,R2
clinc150,0.9354881696501202,0.9207294303498798,0.9457835,0.9281088,oos_auroc,0.909887,10,R2
clinc150,0.973532731942025,0.9671498546630115,0.9785417786099986,0.9703412933025183,oos_aupr,0.9634510163277915,10,R2
clinc150,0.7920938457265393,0.6279061542734606,0.8666666666666667,0.71,worst_intent_accuracy,0.4,10,R2
clinc150,0.9737318730709513,0.9550681269290487,0.99,0.9644,intent_macro_accuracy,0.9380000000000001,10,R2
clinc150,0.0,0.0,0.0,0.0,multi_candidate_set_rate,0.0,10,R2
clinc150,0.4456453879145125,0.4303023549960315,0.4516550303446076,0.437973871455272,aurc,0.41482998895457734,10,R2
clinc150,0.3686335911233384,0.1478997422099949,0.7553333333333333,0.25826666666666664,known_accuracy,0.158,10,R3
clinc150,0.3691086070048455,0.14875805966182123,0.7553333333333333,0.25893333333333335,known_coverage,0.158,10,R3
clinc150,1.0016244486697659,0.9910639057735798,1.0,0.9963441772216728,accepted_route_accuracy,0.9724409448818898,10,R3
clinc150,0.3686335911233384,0.1478997422099949,0.7553333333333333,0.25826666666666664,safe_coverage,0.158,10,R3
clinc150,0.0015592899333902585,-0.00022595660005692486,0.004666666666666667,0.0006666666666666668,wrong_bucket_access_rate,0.0,10,R3
clinc150,0.028534943157331294,-0.0041849431573312956,0.0865,0.012175,false_memory_access_rate,0.001,10,R3
clinc150,1.0041849431573313,0.9714650568426686,0.999,0.987825,oos_recall,0.9135,10,R3
clinc150,0.8812486370155537,0.863724350947028,0.9111083406059094,0.8724864939812909,oos_f1,0.8631601684847175,10,R3
clinc150,0.9354881696501202,0.9207294303498798,0.9457835,0.9281088,oos_auroc,0.909887,10,R3
clinc150,0.973532731942025,0.9671498546630115,0.9785417786099986,0.9703412933025183,oos_aupr,0.9634510163277915,10,R3
clinc150,0.0,0.0,0.0,0.0,worst_intent_accuracy,0.0,10,R3
clinc150,0.3686335911233384,0.1478997422099949,0.7553333333333333,0.25826666666666664,intent_macro_accuracy,0.158,10,R3
clinc150,0.011200787866130726,-0.003018969684312544,0.036727272727272726,0.004090909090909091,multi_candidate_set_rate,0.0,10,R3
clinc150,0.8157486524314215,0.7050548795223399,0.8224293529637527,0.7604017659768807,aurc,0.5175271577010774,10,R3
