benchmark,coverage,risk,seed,variant
clinc150,0.05,0.01090909090909091,2501,R0
clinc150,0.1,0.02727272727272727,2501,R0
clinc150,0.15,0.04727272727272727,2501,R0
clinc150,0.2,0.09727272727272727,2501,R0
clinc150,0.25,0.17236363636363636,2501,R0
clinc150,0.3,0.24606060606060606,2501,R0
clinc150,0.35,0.31532467532467534,2501,R0
clinc150,0.4,0.3781818181818182,2501,R0
clinc150,0.45,0.43313131313131314,2501,R0
clinc150,0.5,0.48363636363636364,2501,R0
clinc150,0.55,0.5259504132231405,2501,R0
clinc150,0.6,0.5624242424242424,2501,R0
clinc150,0.65,0.594965034965035,2501,R0
clinc150,0.7,0.6228571428571429,2501,R0
clinc150,0.75,0.6475151515151515,2501,R0
clinc150,0.8,0.6695454545454546,2501,R0
clinc150,0.85,0.6885561497326204,2501,R0
clinc150,0.9,0.7056565656565656,2501,R0
clinc150,0.95,0.7211483253588516,2501,R0
clinc150,1.0,0.7350909090909091,2501,R0
clinc150,0.05,0.05090909090909091,2501,R2
clinc150,0.1,0.07818181818181819,2501,R2
clinc150,0.15,0.11272727272727273,2501,R2
clinc150,0.2,0.15454545454545454,2501,R2
clinc150,0.25,0.22181818181818183,2501,R2
clinc150,0.3,0.2866666666666667,2501,R2
clinc150,0.35,0.35844155844155845,2501,R2
clinc150,0.4,0.41863636363636364,2501,R2
clinc150,0.45,0.4711111111111111,2501,R2
clinc150,0.5,0.5141818181818182,2501,R2
clinc150,0.55,0.5527272727272727,2501,R2
clinc150,0.6,0.583939393939394,2501,R2
clinc150,0.65,0.6123076923076923,2501,R2
clinc150,0.7,0.6379220779220779,2501,R2
clinc150,0.75,0.6613333333333333,2501,R2
clinc150,0.8,0.6813636363636364,2501,R2
clinc150,0.85,0.6998930481283423,2501,R2
clinc150,0.9,0.7163636363636363,2501,R2
clinc150,0.95,0.7307177033492823,2501,R2
clinc150,1.0,0.7441818181818182,2501,R2
clinc150,0.05,0.05090909090909091,2501,MAX_THRESHOLD
clinc150,0.1,0.07818181818181819,2501,MAX_THRESHOLD
clinc150,0.15,0.11272727272727273,2501,MAX_THRESHOLD
clinc150,0.2,0.15454545454545454,2501,MAX_THRESHOLD
clinc150,0.25,0.22181818181818183,2501,MAX_THRESHOLD
clinc150,0.3,0.2866666666666667,2501,MAX_THRESHOLD
clinc150,0.35,0.37974025974025977,2501,MAX_THRESHOLD
clinc150,0.4,0.4572727272727273,2501,MAX_THRESHOLD
clinc150,0.45,0.5175757575757576,2501,MAX_THRESHOLD
clinc150,0.5,0.5658181818181818,2501,MAX_THRESHOLD
clinc150,0.55,0.6052892561983471,2501,MAX_THRESHOLD
clinc150,0.6,0.6381818181818182,2501,MAX_THRESHOLD
clinc150,0.65,0.666013986013986,2501,MAX_THRESHOLD
clinc150,0.7,0.6898701298701299,2501,MAX_THRESHOLD
clinc150,0.75,0.7105454545454546,2501,MAX_THRESHOLD
clinc150,0.8,0.7286363636363636,2501,MAX_THRESHOLD
clinc150,0.85,0.7445989304812834,2501,MAX_THRESHOLD
clinc150,0.9,0.7587878787878788,2501,MAX_THRESHOLD
clinc150,0.95,0.7714832535885168,2501,MAX_THRESHOLD
clinc150,1.0,0.7829090909090909,2501,MAX_THRESHOLD
clinc150,0.05,0.10181818181818182,2501,R3
clinc150,0.1,0.5509090909090909,2501,R3
clinc150,0.15,0.7006060606060606,2501,R3
clinc150,0.2,0.7754545454545455,2501,R3
clinc150,0.25,0.8203636363636364,2501,R3
clinc150,0.3,0.8503030303030303,2501,R3
clinc150,0.35,0.8716883116883117,2501,R3
clinc150,0.4,0.8877272727272727,2501,R3
clinc150,0.45,0.9002020202020202,2501,R3
clinc150,0.5,0.9101818181818182,2501,R3
clinc150,0.55,0.9183471074380165,2501,R3
clinc150,0.6,0.9251515151515152,2501,R3
clinc150,0.65,0.9309090909090909,2501,R3
clinc150,0.7,0.9358441558441558,2501,R3
clinc150,0.75,0.9401212121212121,2501,R3
clinc150,0.8,0.9438636363636363,2501,R3
clinc150,0.85,0.9471657754010695,2501,R3
clinc150,0.9,0.9501010101010101,2501,R3
clinc150,0.95,0.9527272727272728,2501,R3
clinc150,1.0,0.9550909090909091,2501,R3
banking77_open,0.05,0.0,2501,R0
banking77_open,0.1,0.0,2501,R0
banking77_open,0.15,0.0,2501,R0
banking77_open,0.2,0.0021551724137931034,2501,R0
banking77_open,0.25,0.0034482758620689655,2501,R0
banking77_open,0.3,0.007183908045977011,2501,R0
banking77_open,0.35,0.014778325123152709,2501,R0
banking77_open,0.4,0.018318965517241378,2501,R0
banking77_open,0.45,0.03735632183908046,2501,R0
banking77_open,0.5,0.05603448275862069,2501,R0
banking77_open,0.55,0.07758620689655173,2501,R0
banking77_open,0.6,0.10560344827586207,2501,R0
banking77_open,0.65,0.14058355437665782,2501,R0
banking77_open,0.7,0.17118226600985223,2501,R0
banking77_open,0.75,0.20632183908045976,2501,R0
banking77_open,0.8,0.2429956896551724,2501,R0
banking77_open,0.85,0.2738336713995943,2501,R0
banking77_open,0.9,0.3065134099616858,2501,R0
banking77_open,0.95,0.33802177858439203,2501,R0
banking77_open,1.0,0.36853448275862066,2501,R0
banking77_open,0.05,0.0,2501,R2
banking77_open,0.1,0.008620689655172414,2501,R2
banking77_open,0.15,0.011494252873563218,2501,R2
banking77_open,0.2,0.015086206896551725,2501,R2
banking77_open,0.25,0.03103448275862069,2501,R2
banking77_open,0.3,0.04885057471264368,2501,R2
banking77_open,0.35,0.06527093596059114,2501,R2
banking77_open,0.4,0.08189655172413793,2501,R2
banking77_open,0.45,0.1024904214559387,2501,R2
banking77_open,0.5,0.11724137931034483,2501,R2
banking77_open,0.55,0.13009404388714735,2501,R2
banking77_open,0.6,0.15158045977011494,2501,R2
banking77_open,0.65,0.1843501326259947,2501,R2
banking77_open,0.7,0.20874384236453203,2501,R2
banking77_open,0.75,0.24080459770114943,2501,R2
banking77_open,0.8,0.2677801724137931,2501,R2
banking77_open,0.85,0.29817444219066935,2501,R2
banking77_open,0.9,0.3232758620689655,2501,R2
banking77_open,0.95,0.35344827586206895,2501,R2
banking77_open,1.0,0.38275862068965516,2501,R2
banking77_open,0.05,0.0,2501,MAX_THRESHOLD
banking77_open,0.1,0.008620689655172414,2501,MAX_THRESHOLD
banking77_open,0.15,0.011494252873563218,2501,MAX_THRESHOLD
banking77_open,0.2,0.015086206896551725,2501,MAX_THRESHOLD
banking77_open,0.25,0.03103448275862069,2501,MAX_THRESHOLD
banking77_open,0.3,0.04885057471264368,2501,MAX_THRESHOLD
banking77_open,0.35,0.06527093596059114,2501,MAX_THRESHOLD
banking77_open,0.4,0.08189655172413793,2501,MAX_THRESHOLD
banking77_open,0.45,0.1024904214559387,2501,MAX_THRESHOLD
banking77_open,0.5,0.11724137931034483,2501,MAX_THRESHOLD
banking77_open,0.55,0.13009404388714735,2501,MAX_THRESHOLD
banking77_open,0.6,0.15158045977011494,2501,MAX_THRESHOLD
banking77_open,0.65,0.1843501326259947,2501,MAX_THRESHOLD
banking77_open,0.7,0.24261083743842365,2501,MAX_THRESHOLD
banking77_open,0.75,0.29310344827586204,2501,MAX_THRESHOLD
banking77_open,0.8,0.33728448275862066,2501,MAX_THRESHOLD
banking77_open,0.85,0.3762677484787018,2501,MAX_THRESHOLD
banking77_open,0.9,0.4109195402298851,2501,MAX_THRESHOLD
banking77_open,0.95,0.4419237749546279,2501,MAX_THRESHOLD
banking77_open,1.0,0.4698275862068966,2501,MAX_THRESHOLD
banking77_open,0.05,0.0,2501,R3
banking77_open,0.1,0.008620689655172414,2501,R3
banking77_open,0.15,0.3275862068965517,2501,R3
banking77_open,0.2,0.4956896551724138,2501,R3
banking77_open,0.25,0.596551724137931,2501,R3
banking77_open,0.3,0.6637931034482759,2501,R3
banking77_open,0.35,0.7118226600985221,2501,R3
banking77_open,0.4,0.7478448275862069,2501,R3
banking77_open,0.45,0.7758620689655172,2501,R3
banking77_open,0.5,0.7982758620689655,2501,R3
banking77_open,0.55,0.8166144200626959,2501,R3
banking77_open,0.6,0.8318965517241379,2501,R3
banking77_open,0.65,0.8448275862068966,2501,R3
banking77_open,0.7,0.8559113300492611,2501,R3
banking77_open,0.75,0.8655172413793103,2501,R3
banking77_open,0.8,0.8739224137931034,2501,R3
banking77_open,0.85,0.8813387423935092,2501,R3
banking77_open,0.9,0.8879310344827587,2501,R3
banking77_open,0.95,0.8938294010889292,2501,R3
banking77_open,1.0,0.8991379310344828,2501,R3
banking77_closed,0.05,0.0,2501,R0
banking77_closed,0.1,0.0,2501,R0
banking77_closed,0.15,0.0,2501,R0
banking77_closed,0.2,0.0016233766233766235,2501,R0
banking77_closed,0.25,0.0025974025974025974,2501,R0
banking77_closed,0.3,0.004329004329004329,2501,R0
banking77_closed,0.35,0.0055658627087198514,2501,R0
banking77_closed,0.4,0.008928571428571428,2501,R0
banking77_closed,0.45,0.00937950937950938,2501,R0
banking77_closed,0.5,0.00909090909090909,2501,R0
banking77_closed,0.55,0.011806375442739079,2501,R0
banking77_closed,0.6,0.016774891774891776,2501,R0
banking77_closed,0.65,0.01998001998001998,2501,R0
banking77_closed,0.7,0.02365491651205937,2501,R0
banking77_closed,0.75,0.030735930735930735,2501,R0
banking77_closed,0.8,0.03896103896103896,2501,R0
banking77_closed,0.85,0.05080213903743316,2501,R0
banking77_closed,0.9,0.06240981240981241,2501,R0
banking77_closed,0.95,0.07997265892002735,2501,R0
banking77_closed,1.0,0.10844155844155844,2501,R0
banking77_closed,0.05,0.006493506493506494,2501,R2
banking77_closed,0.1,0.025974025974025976,2501,R2
banking77_closed,0.15,0.02813852813852814,2501,R2
banking77_closed,0.2,0.03409090909090909,2501,R2
banking77_closed,0.25,0.03636363636363636,2501,R2
banking77_closed,0.3,0.044372294372294376,2501,R2
banking77_closed,0.35,0.04638218923933209,2501,R2
banking77_closed,0.4,0.05925324675324675,2501,R2
banking77_closed,0.45,0.05844155844155844,2501,R2
banking77_closed,0.5,0.06493506493506493,2501,R2
banking77_closed,0.55,0.07201889020070838,2501,R2
banking77_closed,0.6,0.07846320346320346,2501,R2
banking77_closed,0.65,0.08691308691308691,2501,R2
banking77_closed,0.7,0.09276437847866419,2501,R2
banking77_closed,0.75,0.09956709956709957,2501,R2
banking77_closed,0.8,0.10470779220779221,2501,R2
banking77_closed,0.85,0.11077158135981666,2501,R2
banking77_closed,0.9,0.12012987012987013,2501,R2
banking77_closed,0.95,0.13157894736842105,2501,R2
banking77_closed,1.0,0.1474025974025974,2501,R2
clinc150,0.05,0.06545454545454546,2502,R0
clinc150,0.1,0.06545454545454546,2502,R0
clinc150,0.15,0.09575757575757576,2502,R0
clinc150,0.2,0.12090909090909091,2502,R0
clinc150,0.25,0.15418181818181817,2502,R0
clinc150,0.3,0.21636363636363637,2502,R0
clinc150,0.35,0.27584415584415584,2502,R0
clinc150,0.4,0.3468181818181818,2502,R0
clinc150,0.45,0.4125252525252525,2502,R0
clinc150,0.5,0.468,2502,R0
clinc150,0.55,0.5147107438016529,2502,R0
clinc150,0.6,0.553939393939394,2502,R0
clinc150,0.65,0.5874125874125874,2502,R0
clinc150,0.7,0.6163636363636363,2502,R0
clinc150,0.75,0.6416969696969697,2502,R0
clinc150,0.8,0.6640909090909091,2502,R0
clinc150,0.85,0.6838502673796791,2502,R0
clinc150,0.9,0.701010101010101,2502,R0
clinc150,0.95,0.7167464114832536,2502,R0
clinc150,1.0,0.730909090909091,2502,R0
clinc150,0.05,0.01090909090909091,2502,R2
clinc150,0.1,0.04909090909090909,2502,R2
clinc150,0.15,0.08848484848484849,2502,R2
clinc150,0.2,0.13727272727272727,2502,R2
clinc150,0.25,0.1869090909090909,2502,R2
clinc150,0.3,0.25515151515151513,2502,R2
clinc150,0.35,0.31896103896103895,2502,R2
clinc150,0.4,0.38181818181818183,2502,R2
clinc150,0.45,0.43595959595959594,2502,R2
clinc150,0.5,0.4818181818181818,2502,R2
clinc150,0.55,0.5236363636363637,2502,R2
clinc150,0.6,0.5612121212121212,2502,R2
clinc150,0.65,0.5938461538461538,2502,R2
clinc150,0.7,0.6223376623376623,2502,R2
clinc150,0.75,0.6470303030303031,2502,R2
clinc150,0.8,0.6688636363636363,2502,R2
clinc150,0.85,0.6881283422459893,2502,R2
clinc150,0.9,0.7052525252525252,2502,R2
clinc150,0.95,0.7207655502392345,2502,R2
clinc150,1.0,0.7347272727272727,2502,R2
clinc150,0.05,0.01090909090909091,2502,MAX_THRESHOLD
clinc150,0.1,0.04909090909090909,2502,MAX_THRESHOLD
clinc150,0.15,0.08848484848484849,2502,MAX_THRESHOLD
clinc150,0.2,0.13727272727272727,2502,MAX_THRESHOLD
clinc150,0.25,0.1869090909090909,2502,MAX_THRESHOLD
clinc150,0.3,0.25515151515151513,2502,MAX_THRESHOLD
clinc150,0.35,0.34545454545454546,2502,MAX_THRESHOLD
clinc150,0.4,0.42727272727272725,2502,MAX_THRESHOLD
clinc150,0.45,0.4909090909090909,2502,MAX_THRESHOLD
clinc150,0.5,0.5418181818181819,2502,MAX_THRESHOLD
clinc150,0.55,0.5834710743801653,2502,MAX_THRESHOLD
clinc150,0.6,0.6181818181818182,2502,MAX_THRESHOLD
clinc150,0.65,0.6475524475524476,2502,MAX_THRESHOLD
clinc150,0.7,0.6727272727272727,2502,MAX_THRESHOLD
clinc150,0.75,0.6945454545454546,2502,MAX_THRESHOLD
clinc150,0.8,0.7136363636363636,2502,MAX_THRESHOLD
clinc150,0.85,0.7304812834224599,2502,MAX_THRESHOLD
clinc150,0.9,0.7454545454545455,2502,MAX_THRESHOLD
clinc150,0.95,0.7588516746411483,2502,MAX_THRESHOLD
clinc150,1.0,0.7709090909090909,2502,MAX_THRESHOLD
clinc150,0.05,0.01818181818181818,2502,R3
clinc150,0.1,0.30363636363636365,2502,R3
clinc150,0.15,0.5357575757575758,2502,R3
clinc150,0.2,0.6518181818181819,2502,R3
clinc150,0.25,0.7214545454545455,2502,R3
clinc150,0.3,0.7678787878787878,2502,R3
clinc150,0.35,0.801038961038961,2502,R3
clinc150,0.4,0.8259090909090909,2502,R3
clinc150,0.45,0.8452525252525253,2502,R3
clinc150,0.5,0.8607272727272727,2502,R3
clinc150,0.55,0.8733884297520661,2502,R3
clinc150,0.6,0.8839393939393939,2502,R3
clinc150,0.65,0.8928671328671328,2502,R3
clinc150,0.7,0.9005194805194805,2502,R3
clinc150,0.75,0.9071515151515152,2502,R3
clinc150,0.8,0.9129545454545455,2502,R3
clinc150,0.85,0.9180748663101604,2502,R3
clinc150,0.9,0.9226262626262626,2502,R3
clinc150,0.95,0.9266985645933015,2502,R3
clinc150,1.0,0.9303636363636364,2502,R3
banking77_open,0.05,0.008620689655172414,2502,R0
banking77_open,0.1,0.021551724137931036,2502,R0
banking77_open,0.15,0.02586206896551724,2502,R0
banking77_open,0.2,0.023706896551724137,2502,R0
banking77_open,0.25,0.027586206896551724,2502,R0
banking77_open,0.3,0.035919540229885055,2502,R0
banking77_open,0.35,0.038177339901477834,2502,R0
banking77_open,0.4,0.04849137931034483,2502,R0
banking77_open,0.45,0.06513409961685823,2502,R0
banking77_open,0.5,0.07931034482758621,2502,R0
banking77_open,0.55,0.09404388714733543,2502,R0
banking77_open,0.6,0.11206896551724138,2502,R0
banking77_open,0.65,0.13527851458885942,2502,R0
banking77_open,0.7,0.16625615763546797,2502,R0
banking77_open,0.75,0.20057471264367815,2502,R0
banking77_open,0.8,0.23599137931034483,2502,R0
banking77_open,0.85,0.27028397565922924,2502,R0
banking77_open,0.9,0.30603448275862066,2502,R0
banking77_open,0.95,0.338929219600726,2502,R0
banking77_open,1.0,0.36939655172413793,2502,R0
banking77_open,0.05,0.0,2502,R2
banking77_open,0.1,0.01293103448275862,2502,R2
banking77_open,0.15,0.020114942528735632,2502,R2
banking77_open,0.2,0.021551724137931036,2502,R2
banking77_open,0.25,0.04482758620689655,2502,R2
banking77_open,0.3,0.06896551724137931,2502,R2
banking77_open,0.35,0.08620689655172414,2502,R2
banking77_open,0.4,0.10883620689655173,2502,R2
banking77_open,0.45,0.12164750957854406,2502,R2
banking77_open,0.5,0.14051724137931035,2502,R2
banking77_open,0.55,0.14968652037617555,2502,R2
banking77_open,0.6,0.17313218390804597,2502,R2
banking77_open,0.65,0.20159151193633953,2502,R2
banking77_open,0.7,0.22536945812807882,2502,R2
banking77_open,0.75,0.2540229885057471,2502,R2
banking77_open,0.8,0.2801724137931034,2502,R2
banking77_open,0.85,0.30831643002028397,2502,R2
banking77_open,0.9,0.33860153256704983,2502,R2
banking77_open,0.95,0.36705989110707804,2502,R2
banking77_open,1.0,0.39698275862068966,2502,R2
banking77_open,0.05,0.0,2502,MAX_THRESHOLD
banking77_open,0.1,0.01293103448275862,2502,MAX_THRESHOLD
banking77_open,0.15,0.020114942528735632,2502,MAX_THRESHOLD
banking77_open,0.2,0.021551724137931036,2502,MAX_THRESHOLD
banking77_open,0.25,0.04482758620689655,2502,MAX_THRESHOLD
banking77_open,0.3,0.06896551724137931,2502,MAX_THRESHOLD
banking77_open,0.35,0.08620689655172414,2502,MAX_THRESHOLD
banking77_open,0.4,0.10883620689655173,2502,MAX_THRESHOLD
banking77_open,0.45,0.12164750957854406,2502,MAX_THRESHOLD
banking77_open,0.5,0.14051724137931035,2502,MAX_THRESHOLD
banking77_open,0.55,0.14968652037617555,2502,MAX_THRESHOLD
banking77_open,0.6,0.17313218390804597,2502,MAX_THRESHOLD
banking77_open,0.65,0.20358090185676392,2502,MAX_THRESHOLD
banking77_open,0.7,0.2604679802955665,2502,MAX_THRESHOLD
banking77_open,0.75,0.30977011494252876,2502,MAX_THRESHOLD
banking77_open,0.8,0.35290948275862066,2502,MAX_THRESHOLD
banking77_open,0.85,0.390973630831643,2502,MAX_THRESHOLD
banking77_open,0.9,0.4248084291187739,2502,MAX_THRESHOLD
banking77_open,0.95,0.45508166969147007,2502,MAX_THRESHOLD
banking77_open,1.0,0.48232758620689653,2502,MAX_THRESHOLD
banking77_open,0.05,0.0,2502,R3
banking77_open,0.1,0.01293103448275862,2502,R3
banking77_open,0.15,0.3390804597701149,2502,R3
banking77_open,0.2,0.5043103448275862,2502,R3
banking77_open,0.25,0.603448275862069,2502,R3
banking77_open,0.3,0.6695402298850575,2502,R3
banking77_open,0.35,0.7167487684729064,2502,R3
banking77_open,0.4,0.7521551724137931,2502,R3
banking77_open,0.45,0.7796934865900383,2502,R3
banking77_open,0.5,0.8017241379310345,2502,R3
banking77_open,0.55,0.8197492163009404,2502,R3
banking77_open,0.6,0.8347701149425287,2502,R3
banking77_open,0.65,0.8474801061007957,2502,R3
banking77_open,0.7,0.8583743842364532,2502,R3
banking77_open,0.75,0.867816091954023,2502,R3
banking77_open,0.8,0.8760775862068966,2502,R3
banking77_open,0.85,0.8833671399594321,2502,R3
banking77_open,0.9,0.8898467432950191,2502,R3
banking77_open,0.95,0.895644283121597,2502,R3
banking77_open,1.0,0.9008620689655172,2502,R3
banking77_closed,0.05,0.0,2502,R0
banking77_closed,0.1,0.0,2502,R0
banking77_closed,0.15,0.0,2502,R0
banking77_closed,0.2,0.0016233766233766235,2502,R0
banking77_closed,0.25,0.0012987012987012987,2502,R0
banking77_closed,0.3,0.004329004329004329,2502,R0
banking77_closed,0.35,0.006493506493506494,2502,R0
banking77_closed,0.4,0.007305194805194805,2502,R0
banking77_closed,0.45,0.008658008658008658,2502,R0
banking77_closed,0.5,0.00909090909090909,2502,R0
banking77_closed,0.55,0.012987012987012988,2502,R0
banking77_closed,0.6,0.015151515151515152,2502,R0
banking77_closed,0.65,0.01848151848151848,2502,R0
banking77_closed,0.7,0.02365491651205937,2502,R0
banking77_closed,0.75,0.02987012987012987,2502,R0
banking77_closed,0.8,0.03612012987012987,2502,R0
banking77_closed,0.85,0.04736440030557677,2502,R0
banking77_closed,0.9,0.06204906204906205,2502,R0
banking77_closed,0.95,0.08202323991797676,2502,R0
banking77_closed,1.0,0.10616883116883116,2502,R0
banking77_closed,0.05,0.012987012987012988,2502,R2
banking77_closed,0.1,0.032467532467532464,2502,R2
banking77_closed,0.15,0.025974025974025976,2502,R2
banking77_closed,0.2,0.032467532467532464,2502,R2
banking77_closed,0.25,0.03116883116883117,2502,R2
banking77_closed,0.3,0.03787878787878788,2502,R2
banking77_closed,0.35,0.04730983302411874,2502,R2
banking77_closed,0.4,0.05113636363636364,2502,R2
banking77_closed,0.45,0.05772005772005772,2502,R2
banking77_closed,0.5,0.06363636363636363,2502,R2
banking77_closed,0.55,0.07142857142857142,2502,R2
banking77_closed,0.6,0.07792207792207792,2502,R2
banking77_closed,0.65,0.08191808191808192,2502,R2
banking77_closed,0.7,0.08858998144712431,2502,R2
banking77_closed,0.75,0.09480519480519481,2502,R2
banking77_closed,0.8,0.1038961038961039,2502,R2
banking77_closed,0.85,0.11191749427043544,2502,R2
banking77_closed,0.9,0.11976911976911978,2502,R2
banking77_closed,0.95,0.13055365686944634,2502,R2
banking77_closed,1.0,0.15,2502,R2
clinc150,0.05,0.0036363636363636364,2503,R0
clinc150,0.1,0.016363636363636365,2503,R0
clinc150,0.15,0.048484848484848485,2503,R0
clinc150,0.2,0.08545454545454545,2503,R0
clinc150,0.25,0.13963636363636364,2503,R0
clinc150,0.3,0.21878787878787878,2503,R0
clinc150,0.35,0.2950649350649351,2503,R0
clinc150,0.4,0.3659090909090909,2503,R0
clinc150,0.45,0.4298989898989899,2503,R0
clinc150,0.5,0.47963636363636364,2503,R0
clinc150,0.55,0.523305785123967,2503,R0
clinc150,0.6,0.5627272727272727,2503,R0
clinc150,0.65,0.594965034965035,2503,R0
clinc150,0.7,0.6228571428571429,2503,R0
clinc150,0.75,0.6470303030303031,2503,R0
clinc150,0.8,0.6686363636363636,2503,R0
clinc150,0.85,0.6877005347593583,2503,R0
clinc150,0.9,0.7046464646464646,2503,R0
clinc150,0.95,0.7198086124401913,2503,R0
clinc150,1.0,0.7338181818181818,2503,R0
clinc150,0.05,0.02181818181818182,2503,R2
clinc150,0.1,0.07818181818181819,2503,R2
clinc150,0.15,0.12848484848484848,2503,R2
clinc150,0.2,0.19545454545454546,2503,R2
clinc150,0.25,0.2596363636363636,2503,R2
clinc150,0.3,0.3103030303030303,2503,R2
clinc150,0.35,0.3511688311688312,2503,R2
clinc150,0.4,0.40545454545454546,2503,R2
clinc150,0.45,0.4537373737373737,2503,R2
clinc150,0.5,0.49854545454545457,2503,R2
clinc150,0.55,0.5371900826446281,2503,R2
clinc150,0.6,0.5721212121212121,2503,R2
clinc150,0.65,0.6036363636363636,2503,R2
clinc150,0.7,0.6311688311688312,2503,R2
clinc150,0.75,0.6545454545454545,2503,R2
clinc150,0.8,0.6759090909090909,2503,R2
clinc150,0.85,0.69475935828877,2503,R2
clinc150,0.9,0.7117171717171717,2503,R2
clinc150,0.95,0.72688995215311,2503,R2
clinc150,1.0,0.7405454545454545,2503,R2
clinc150,0.05,0.02181818181818182,2503,MAX_THRESHOLD
clinc150,0.1,0.07818181818181819,2503,MAX_THRESHOLD
clinc150,0.15,0.12848484848484848,2503,MAX_THRESHOLD
clinc150,0.2,0.19545454545454546,2503,MAX_THRESHOLD
clinc150,0.25,0.2596363636363636,2503,MAX_THRESHOLD
clinc150,0.3,0.3103030303030303,2503,MAX_THRESHOLD
clinc150,0.35,0.3511688311688312,2503,MAX_THRESHOLD
clinc150,0.4,0.41909090909090907,2503,MAX_THRESHOLD
clinc150,0.45,0.48363636363636364,2503,MAX_THRESHOLD
clinc150,0.5,0.5352727272727272,2503,MAX_THRESHOLD
clinc150,0.55,0.5775206611570248,2503,MAX_THRESHOLD
clinc150,0.6,0.6127272727272727,2503,MAX_THRESHOLD
clinc150,0.65,0.6425174825174825,2503,MAX_THRESHOLD
clinc150,0.7,0.668051948051948,2503,MAX_THRESHOLD
clinc150,0.75,0.6901818181818182,2503,MAX_THRESHOLD
clinc150,0.8,0.7095454545454546,2503,MAX_THRESHOLD
clinc150,0.85,0.7266310160427808,2503,MAX_THRESHOLD
clinc150,0.9,0.7418181818181818,2503,MAX_THRESHOLD
clinc150,0.95,0.7554066985645933,2503,MAX_THRESHOLD
clinc150,1.0,0.7676363636363637,2503,MAX_THRESHOLD
clinc150,0.05,0.13818181818181818,2503,R3
clinc150,0.1,0.5690909090909091,2503,R3
clinc150,0.15,0.7127272727272728,2503,R3
clinc150,0.2,0.7845454545454545,2503,R3
clinc150,0.25,0.8276363636363636,2503,R3
clinc150,0.3,0.8563636363636363,2503,R3
clinc150,0.35,0.8768831168831169,2503,R3
clinc150,0.4,0.8922727272727272,2503,R3
clinc150,0.45,0.9042424242424243,2503,R3
clinc150,0.5,0.9138181818181819,2503,R3
clinc150,0.55,0.9216528925619835,2503,R3
clinc150,0.6,0.9281818181818182,2503,R3
clinc150,0.65,0.9337062937062937,2503,R3
clinc150,0.7,0.9384415584415584,2503,R3
clinc150,0.75,0.9425454545454546,2503,R3
clinc150,0.8,0.9461363636363637,2503,R3
clinc150,0.85,0.9493048128342246,2503,R3
clinc150,0.9,0.9521212121212121,2503,R3
clinc150,0.95,0.9546411483253588,2503,R3
clinc150,1.0,0.9569090909090909,2503,R3
banking77_open,0.05,0.008620689655172414,2503,R0
banking77_open,0.1,0.03017241379310345,2503,R0
banking77_open,0.15,0.02586206896551724,2503,R0
banking77_open,0.2,0.04310344827586207,2503,R0
banking77_open,0.25,0.04310344827586207,2503,R0
banking77_open,0.3,0.05603448275862069,2503,R0
banking77_open,0.35,0.0665024630541872,2503,R0
banking77_open,0.4,0.06465517241379311,2503,R0
banking77_open,0.45,0.07567049808429119,2503,R0
banking77_open,0.5,0.08448275862068966,2503,R0
banking77_open,0.55,0.11050156739811912,2503,R0
banking77_open,0.6,0.13649425287356323,2503,R0
banking77_open,0.65,0.15915119363395225,2503,R0
banking77_open,0.7,0.18411330049261085,2503,R0
banking77_open,0.75,0.21551724137931033,2503,R0
banking77_open,0.8,0.24568965517241378,2503,R0
banking77_open,0.85,0.27434077079107505,2503,R0
banking77_open,0.9,0.30507662835249044,2503,R0
banking77_open,0.95,0.33303085299455537,2503,R0
banking77_open,1.0,0.36551724137931035,2503,R0
banking77_open,0.05,0.0,2503,R2
banking77_open,0.1,0.004310344827586207,2503,R2
banking77_open,0.15,0.017241379310344827,2503,R2
banking77_open,0.2,0.028017241379310345,2503,R2
banking77_open,0.25,0.04827586206896552,2503,R2
banking77_open,0.3,0.07327586206896551,2503,R2
banking77_open,0.35,0.08620689655172414,2503,R2
banking77_open,0.4,0.11206896551724138,2503,R2
banking77_open,0.45,0.1235632183908046,2503,R2
banking77_open,0.5,0.14051724137931035,2503,R2
banking77_open,0.55,0.14968652037617555,2503,R2
banking77_open,0.6,0.1724137931034483,2503,R2
banking77_open,0.65,0.1956233421750663,2503,R2
banking77_open,0.7,0.21613300492610837,2503,R2
banking77_open,0.75,0.23850574712643677,2503,R2
banking77_open,0.8,0.2634698275862069,2503,R2
banking77_open,0.85,0.29310344827586204,2503,R2
banking77_open,0.9,0.32231800766283525,2503,R2
banking77_open,0.95,0.35390199637023595,2503,R2
banking77_open,1.0,0.38275862068965516,2503,R2
banking77_open,0.05,0.0,2503,MAX_THRESHOLD
banking77_open,0.1,0.004310344827586207,2503,MAX_THRESHOLD
banking77_open,0.15,0.017241379310344827,2503,MAX_THRESHOLD
banking77_open,0.2,0.028017241379310345,2503,MAX_THRESHOLD
banking77_open,0.25,0.04827586206896552,2503,MAX_THRESHOLD
banking77_open,0.3,0.07327586206896551,2503,MAX_THRESHOLD
banking77_open,0.35,0.08620689655172414,2503,MAX_THRESHOLD
banking77_open,0.4,0.11206896551724138,2503,MAX_THRESHOLD
banking77_open,0.45,0.1235632183908046,2503,MAX_THRESHOLD
banking77_open,0.5,0.14051724137931035,2503,MAX_THRESHOLD
banking77_open,0.55,0.14968652037617555,2503,MAX_THRESHOLD
banking77_open,0.6,0.1724137931034483,2503,MAX_THRESHOLD
banking77_open,0.65,0.1956233421750663,2503,MAX_THRESHOLD
banking77_open,0.7,0.21613300492610837,2503,MAX_THRESHOLD
banking77_open,0.75,0.2620689655172414,2503,MAX_THRESHOLD
banking77_open,0.8,0.3081896551724138,2503,MAX_THRESHOLD
banking77_open,0.85,0.3488843813387424,2503,MAX_THRESHOLD
banking77_open,0.9,0.3850574712643678,2503,MAX_THRESHOLD
banking77_open,0.95,0.41742286751361163,2503,MAX_THRESHOLD
banking77_open,1.0,0.44655172413793104,2503,MAX_THRESHOLD
banking77_open,0.05,0.0,2503,R3
banking77_open,0.1,0.004310344827586207,2503,R3
banking77_open,0.15,0.15229885057471265,2503,R3
banking77_open,0.2,0.3642241379310345,2503,R3
banking77_open,0.25,0.49137931034482757,2503,R3
banking77_open,0.3,0.5761494252873564,2503,R3
banking77_open,0.35,0.6366995073891626,2503,R3
banking77_open,0.4,0.6821120689655172,2503,R3
banking77_open,0.45,0.7174329501915708,2503,R3
banking77_open,0.5,0.7456896551724138,2503,R3
banking77_open,0.55,0.7688087774294671,2503,R3
banking77_open,0.6,0.7880747126436781,2503,R3
banking77_open,0.65,0.8043766578249337,2503,R3
banking77_open,0.7,0.8183497536945813,2503,R3
banking77_open,0.75,0.8304597701149425,2503,R3
banking77_open,0.8,0.8410560344827587,2503,R3
banking77_open,0.85,0.8504056795131846,2503,R3
banking77_open,0.9,0.8587164750957854,2503,R3
banking77_open,0.95,0.8661524500907442,2503,R3
banking77_open,1.0,0.8728448275862069,2503,R3
banking77_closed,0.05,0.0,2503,R0
banking77_closed,0.1,0.0,2503,R0
banking77_closed,0.15,0.0021645021645021645,2503,R0
banking77_closed,0.2,0.0016233766233766235,2503,R0
banking77_closed,0.25,0.0012987012987012987,2503,R0
banking77_closed,0.3,0.005411255411255411,2503,R0
banking77_closed,0.35,0.006493506493506494,2503,R0
banking77_closed,0.4,0.008928571428571428,2503,R0
banking77_closed,0.45,0.010101010101010102,2503,R0
banking77_closed,0.5,0.01038961038961039,2503,R0
banking77_closed,0.55,0.012396694214876033,2503,R0
banking77_closed,0.6,0.016233766233766232,2503,R0
banking77_closed,0.65,0.01948051948051948,2503,R0
banking77_closed,0.7,0.02458256029684601,2503,R0
banking77_closed,0.75,0.02857142857142857,2503,R0
banking77_closed,0.8,0.037337662337662336,2503,R0
banking77_closed,0.85,0.05003819709702063,2503,R0
banking77_closed,0.9,0.06168831168831169,2503,R0
banking77_closed,0.95,0.07826384142173616,2503,R0
banking77_closed,1.0,0.10616883116883116,2503,R0
banking77_closed,0.05,0.012987012987012988,2503,R2
banking77_closed,0.1,0.016233766233766232,2503,R2
banking77_closed,0.15,0.025974025974025976,2503,R2
banking77_closed,0.2,0.027597402597402596,2503,R2
banking77_closed,0.25,0.02987012987012987,2503,R2
banking77_closed,0.3,0.03787878787878788,2503,R2
banking77_closed,0.35,0.04452690166975881,2503,R2
banking77_closed,0.4,0.056818181818181816,2503,R2
banking77_closed,0.45,0.05988455988455989,2503,R2
banking77_closed,0.5,0.06493506493506493,2503,R2
banking77_closed,0.55,0.07319952774498228,2503,R2
banking77_closed,0.6,0.07738095238095238,2503,R2
banking77_closed,0.65,0.08191808191808192,2503,R2
banking77_closed,0.7,0.08858998144712431,2503,R2
banking77_closed,0.75,0.09696969696969697,2503,R2
banking77_closed,0.8,0.10511363636363637,2503,R2
banking77_closed,0.85,0.11077158135981666,2503,R2
banking77_closed,0.9,0.11832611832611832,2503,R2
banking77_closed,0.95,0.12884483937115515,2503,R2
banking77_closed,1.0,0.14253246753246754,2503,R2
clinc150,0.05,0.08,2504,R0
clinc150,0.1,0.08363636363636363,2504,R0
clinc150,0.15,0.09212121212121212,2504,R0
clinc150,0.2,0.09909090909090909,2504,R0
clinc150,0.25,0.1338181818181818,2504,R0
clinc150,0.3,0.20909090909090908,2504,R0
clinc150,0.35,0.2888311688311688,2504,R0
clinc150,0.4,0.36227272727272725,2504,R0
clinc150,0.45,0.42424242424242425,2504,R0
clinc150,0.5,0.47709090909090907,2504,R0
clinc150,0.55,0.5216528925619834,2504,R0
clinc150,0.6,0.5593939393939394,2504,R0
clinc150,0.65,0.5927272727272728,2504,R0
clinc150,0.7,0.6207792207792208,2504,R0
clinc150,0.75,0.6455757575757576,2504,R0
clinc150,0.8,0.6672727272727272,2504,R0
clinc150,0.85,0.6866310160427808,2504,R0
clinc150,0.9,0.704040404040404,2504,R0
clinc150,0.95,0.7196172248803828,2504,R0
clinc150,1.0,0.7336363636363636,2504,R0
clinc150,0.05,0.05818181818181818,2504,R2
clinc150,0.1,0.07818181818181819,2504,R2
clinc150,0.15,0.12727272727272726,2504,R2
clinc150,0.2,0.18545454545454546,2504,R2
clinc150,0.25,0.23927272727272728,2504,R2
clinc150,0.3,0.29393939393939394,2504,R2
clinc150,0.35,0.3444155844155844,2504,R2
clinc150,0.4,0.4036363636363636,2504,R2
clinc150,0.45,0.45212121212121215,2504,R2
clinc150,0.5,0.49236363636363634,2504,R2
clinc150,0.55,0.5302479338842975,2504,R2
clinc150,0.6,0.5648484848484848,2504,R2
clinc150,0.65,0.5955244755244755,2504,R2
clinc150,0.7,0.6228571428571429,2504,R2
clinc150,0.75,0.6470303030303031,2504,R2
clinc150,0.8,0.6686363636363636,2504,R2
clinc150,0.85,0.6874866310160428,2504,R2
clinc150,0.9,0.7046464646464646,2504,R2
clinc150,0.95,0.7201913875598086,2504,R2
clinc150,1.0,0.7341818181818182,2504,R2
clinc150,0.05,0.05818181818181818,2504,MAX_THRESHOLD
clinc150,0.1,0.07818181818181819,2504,MAX_THRESHOLD
clinc150,0.15,0.12727272727272726,2504,MAX_THRESHOLD
clinc150,0.2,0.18545454545454546,2504,MAX_THRESHOLD
clinc150,0.25,0.23927272727272728,2504,MAX_THRESHOLD
clinc150,0.3,0.29393939393939394,2504,MAX_THRESHOLD
clinc150,0.35,0.3444155844155844,2504,MAX_THRESHOLD
clinc150,0.4,0.42272727272727273,2504,MAX_THRESHOLD
clinc150,0.45,0.4868686868686869,2504,MAX_THRESHOLD
clinc150,0.5,0.5381818181818182,2504,MAX_THRESHOLD
clinc150,0.55,0.5801652892561984,2504,MAX_THRESHOLD
clinc150,0.6,0.6151515151515151,2504,MAX_THRESHOLD
clinc150,0.65,0.6447552447552447,2504,MAX_THRESHOLD
clinc150,0.7,0.6701298701298701,2504,MAX_THRESHOLD
clinc150,0.75,0.6921212121212121,2504,MAX_THRESHOLD
clinc150,0.8,0.7113636363636363,2504,MAX_THRESHOLD
clinc150,0.85,0.7283422459893049,2504,MAX_THRESHOLD
clinc150,0.9,0.7434343434343434,2504,MAX_THRESHOLD
clinc150,0.95,0.7569377990430622,2504,MAX_THRESHOLD
clinc150,1.0,0.769090909090909,2504,MAX_THRESHOLD
clinc150,0.05,0.06909090909090909,2504,R3
clinc150,0.1,0.45454545454545453,2504,R3
clinc150,0.15,0.6363636363636364,2504,R3
clinc150,0.2,0.7272727272727273,2504,R3
clinc150,0.25,0.7818181818181819,2504,R3
clinc150,0.3,0.8181818181818182,2504,R3
clinc150,0.35,0.8441558441558441,2504,R3
clinc150,0.4,0.8636363636363636,2504,R3
clinc150,0.45,0.8787878787878788,2504,R3
clinc150,0.5,0.8909090909090909,2504,R3
clinc150,0.55,0.9008264462809917,2504,R3
clinc150,0.6,0.9090909090909091,2504,R3
clinc150,0.65,0.916083916083916,2504,R3
clinc150,0.7,0.922077922077922,2504,R3
clinc150,0.75,0.9272727272727272,2504,R3
clinc150,0.8,0.9318181818181818,2504,R3
clinc150,0.85,0.9358288770053476,2504,R3
clinc150,0.9,0.9393939393939394,2504,R3
clinc150,0.95,0.9425837320574163,2504,R3
clinc150,1.0,0.9454545454545454,2504,R3
banking77_open,0.05,0.008620689655172414,2504,R0
banking77_open,0.1,0.01293103448275862,2504,R0
banking77_open,0.15,0.020114942528735632,2504,R0
banking77_open,0.2,0.02586206896551724,2504,R0
banking77_open,0.25,0.04310344827586207,2504,R0
banking77_open,0.3,0.05459770114942529,2504,R0
banking77_open,0.35,0.06280788177339902,2504,R0
banking77_open,0.4,0.07112068965517242,2504,R0
banking77_open,0.45,0.07471264367816093,2504,R0
banking77_open,0.5,0.09655172413793103,2504,R0
banking77_open,0.55,0.11363636363636363,2504,R0
banking77_open,0.6,0.12428160919540229,2504,R0
banking77_open,0.65,0.14456233421750664,2504,R0
banking77_open,0.7,0.1724137931034483,2504,R0
banking77_open,0.75,0.20057471264367815,2504,R0
banking77_open,0.8,0.22683189655172414,2504,R0
banking77_open,0.85,0.25862068965517243,2504,R0
banking77_open,0.9,0.2907088122605364,2504,R0
banking77_open,0.95,0.3275862068965517,2504,R0
banking77_open,1.0,0.3594827586206897,2504,R0
banking77_open,0.05,0.0,2504,R2
banking77_open,0.1,0.0,2504,R2
banking77_open,0.15,0.017241379310344827,2504,R2
banking77_open,0.2,0.02586206896551724,2504,R2
banking77_open,0.25,0.032758620689655175,2504,R2
banking77_open,0.3,0.04885057471264368,2504,R2
banking77_open,0.35,0.06157635467980296,2504,R2
banking77_open,0.4,0.07435344827586207,2504,R2
banking77_open,0.45,0.08524904214559387,2504,R2
banking77_open,0.5,0.11120689655172414,2504,R2
banking77_open,0.55,0.13087774294670845,2504,R2
banking77_open,0.6,0.15373563218390804,2504,R2
banking77_open,0.65,0.17440318302387267,2504,R2
banking77_open,0.7,0.20874384236453203,2504,R2
banking77_open,0.75,0.23735632183908045,2504,R2
banking77_open,0.8,0.26885775862068967,2504,R2
banking77_open,0.85,0.29969574036511154,2504,R2
banking77_open,0.9,0.32950191570881227,2504,R2
banking77_open,0.95,0.35753176043557167,2504,R2
banking77_open,1.0,0.38491379310344825,2504,R2
banking77_open,0.05,0.0,2504,MAX_THRESHOLD
banking77_open,0.1,0.0,2504,MAX_THRESHOLD
banking77_open,0.15,0.017241379310344827,2504,MAX_THRESHOLD
banking77_open,0.2,0.02586206896551724,2504,MAX_THRESHOLD
banking77_open,0.25,0.032758620689655175,2504,MAX_THRESHOLD
banking77_open,0.3,0.04885057471264368,2504,MAX_THRESHOLD
banking77_open,0.35,0.06157635467980296,2504,MAX_THRESHOLD
banking77_open,0.4,0.07435344827586207,2504,MAX_THRESHOLD
banking77_open,0.45,0.08524904214559387,2504,MAX_THRESHOLD
banking77_open,0.5,0.11120689655172414,2504,MAX_THRESHOLD
banking77_open,0.55,0.13087774294670845,2504,MAX_THRESHOLD
banking77_open,0.6,0.15373563218390804,2504,MAX_THRESHOLD
banking77_open,0.65,0.1929708222811671,2504,MAX_THRESHOLD
banking77_open,0.7,0.25061576354679804,2504,MAX_THRESHOLD
banking77_open,0.75,0.3005747126436782,2504,MAX_THRESHOLD
banking77_open,0.8,0.3442887931034483,2504,MAX_THRESHOLD
banking77_open,0.85,0.3828600405679513,2504,MAX_THRESHOLD
banking77_open,0.9,0.4171455938697318,2504,MAX_THRESHOLD
banking77_open,0.95,0.4478221415607985,2504,MAX_THRESHOLD
banking77_open,1.0,0.47543103448275864,2504,MAX_THRESHOLD
banking77_open,0.05,0.0,2504,R3
banking77_open,0.1,0.0,2504,R3
banking77_open,0.15,0.017241379310344827,2504,R3
banking77_open,0.2,0.25646551724137934,2504,R3
banking77_open,0.25,0.4051724137931034,2504,R3
banking77_open,0.3,0.5043103448275862,2504,R3
banking77_open,0.35,0.5751231527093597,2504,R3
banking77_open,0.4,0.6282327586206896,2504,R3
banking77_open,0.45,0.6695402298850575,2504,R3
banking77_open,0.5,0.7025862068965517,2504,R3
banking77_open,0.55,0.7296238244514106,2504,R3
banking77_open,0.6,0.7521551724137931,2504,R3
banking77_open,0.65,0.7712201591511937,2504,R3
banking77_open,0.7,0.7875615763546798,2504,R3
banking77_open,0.75,0.8017241379310345,2504,R3
banking77_open,0.8,0.8141163793103449,2504,R3
banking77_open,0.85,0.8250507099391481,2504,R3
banking77_open,0.9,0.8347701149425287,2504,R3
banking77_open,0.95,0.8434664246823956,2504,R3
banking77_open,1.0,0.8512931034482759,2504,R3
banking77_closed,0.05,0.0,2504,R0
banking77_closed,0.1,0.0,2504,R0
banking77_closed,0.15,0.0021645021645021645,2504,R0
banking77_closed,0.2,0.0016233766233766235,2504,R0
banking77_closed,0.25,0.0025974025974025974,2504,R0
banking77_closed,0.3,0.006493506493506494,2504,R0
banking77_closed,0.35,0.0074211502782931356,2504,R0
banking77_closed,0.4,0.008928571428571428,2504,R0
banking77_closed,0.45,0.00937950937950938,2504,R0
banking77_closed,0.5,0.00974025974025974,2504,R0
banking77_closed,0.55,0.012987012987012988,2504,R0
banking77_closed,0.6,0.015692640692640692,2504,R0
banking77_closed,0.65,0.01848151848151848,2504,R0
banking77_closed,0.7,0.022727272727272728,2504,R0
banking77_closed,0.75,0.029004329004329005,2504,R0
banking77_closed,0.8,0.03530844155844156,2504,R0
banking77_closed,0.85,0.04774637127578304,2504,R0
banking77_closed,0.9,0.05952380952380952,2504,R0
banking77_closed,0.95,0.07997265892002735,2504,R0
banking77_closed,1.0,0.10584415584415584,2504,R0
banking77_closed,0.05,0.01948051948051948,2504,R2
banking77_closed,0.1,0.016233766233766232,2504,R2
banking77_closed,0.15,0.021645021645021644,2504,R2
banking77_closed,0.2,0.02922077922077922,2504,R2
banking77_closed,0.25,0.02727272727272727,2504,R2
banking77_closed,0.3,0.03354978354978355,2504,R2
banking77_closed,0.35,0.045454545454545456,2504,R2
banking77_closed,0.4,0.05438311688311688,2504,R2
banking77_closed,0.45,0.05844155844155844,2504,R2
banking77_closed,0.5,0.06428571428571428,2504,R2
banking77_closed,0.55,0.07201889020070838,2504,R2
banking77_closed,0.6,0.07683982683982683,2504,R2
banking77_closed,0.65,0.08841158841158842,2504,R2
banking77_closed,0.7,0.09740259740259741,2504,R2
banking77_closed,0.75,0.10649350649350649,2504,R2
banking77_closed,0.8,0.1112012987012987,2504,R2
banking77_closed,0.85,0.11726508785332315,2504,R2
banking77_closed,0.9,0.12842712842712842,2504,R2
banking77_closed,0.95,0.1367053998632946,2504,R2
banking77_closed,1.0,0.15194805194805194,2504,R2
clinc150,0.05,0.0,2505,R0
clinc150,0.1,0.0036363636363636364,2505,R0
clinc150,0.15,0.01696969696969697,2505,R0
clinc150,0.2,0.046363636363636364,2505,R0
clinc150,0.25,0.09963636363636363,2505,R0
clinc150,0.3,0.1787878787878788,2505,R0
clinc150,0.35,0.2701298701298701,2505,R0
clinc150,0.4,0.3468181818181818,2505,R0
clinc150,0.45,0.4109090909090909,2505,R0
clinc150,0.5,0.4647272727272727,2505,R0
clinc150,0.55,0.5117355371900827,2505,R0
clinc150,0.6,0.5512121212121213,2505,R0
clinc150,0.65,0.5848951048951049,2505,R0
clinc150,0.7,0.6142857142857143,2505,R0
clinc150,0.75,0.6395151515151515,2505,R0
clinc150,0.8,0.6618181818181819,2505,R0
clinc150,0.85,0.6817112299465241,2505,R0
clinc150,0.9,0.6993939393939393,2505,R0
clinc150,0.95,0.7152153110047846,2505,R0
clinc150,1.0,0.7294545454545455,2505,R0
clinc150,0.05,0.007272727272727273,2505,R2
clinc150,0.1,0.03272727272727273,2505,R2
clinc150,0.15,0.059393939393939395,2505,R2
clinc150,0.2,0.10545454545454545,2505,R2
clinc150,0.25,0.17745454545454545,2505,R2
clinc150,0.3,0.24787878787878787,2505,R2
clinc150,0.35,0.31532467532467534,2505,R2
clinc150,0.4,0.37727272727272726,2505,R2
clinc150,0.45,0.43353535353535355,2505,R2
clinc150,0.5,0.48145454545454547,2505,R2
clinc150,0.55,0.5236363636363637,2505,R2
clinc150,0.6,0.5584848484848485,2505,R2
clinc150,0.65,0.5896503496503497,2505,R2
clinc150,0.7,0.6161038961038962,2505,R2
clinc150,0.75,0.640969696969697,2505,R2
clinc150,0.8,0.6627272727272727,2505,R2
clinc150,0.85,0.6823529411764706,2505,R2
clinc150,0.9,0.7,2505,R2
clinc150,0.95,0.7157894736842105,2505,R2
clinc150,1.0,0.73,2505,R2
clinc150,0.05,0.007272727272727273,2505,MAX_THRESHOLD
clinc150,0.1,0.03272727272727273,2505,MAX_THRESHOLD
clinc150,0.15,0.059393939393939395,2505,MAX_THRESHOLD
clinc150,0.2,0.10545454545454545,2505,MAX_THRESHOLD
clinc150,0.25,0.17745454545454545,2505,MAX_THRESHOLD
clinc150,0.3,0.24787878787878787,2505,MAX_THRESHOLD
clinc150,0.35,0.3392207792207792,2505,MAX_THRESHOLD
clinc150,0.4,0.4218181818181818,2505,MAX_THRESHOLD
clinc150,0.45,0.4860606060606061,2505,MAX_THRESHOLD
clinc150,0.5,0.5374545454545454,2505,MAX_THRESHOLD
clinc150,0.55,0.579504132231405,2505,MAX_THRESHOLD
clinc150,0.6,0.6145454545454545,2505,MAX_THRESHOLD
clinc150,0.65,0.6441958041958042,2505,MAX_THRESHOLD
clinc150,0.7,0.6696103896103897,2505,MAX_THRESHOLD
clinc150,0.75,0.6916363636363636,2505,MAX_THRESHOLD
clinc150,0.8,0.7109090909090909,2505,MAX_THRESHOLD
clinc150,0.85,0.7279144385026738,2505,MAX_THRESHOLD
clinc150,0.9,0.743030303030303,2505,MAX_THRESHOLD
clinc150,0.95,0.756555023923445,2505,MAX_THRESHOLD
clinc150,1.0,0.7687272727272727,2505,MAX_THRESHOLD
clinc150,0.05,0.17454545454545456,2505,R3
clinc150,0.1,0.1781818181818182,2505,R3
clinc150,0.15,0.19272727272727272,2505,R3
clinc150,0.2,0.21363636363636362,2505,R3
clinc150,0.25,0.2676363636363636,2505,R3
clinc150,0.3,0.3296969696969697,2505,R3
clinc150,0.35,0.4114285714285714,2505,R3
clinc150,0.4,0.485,2505,R3
clinc150,0.45,0.5422222222222223,2505,R3
clinc150,0.5,0.588,2505,R3
clinc150,0.55,0.6254545454545455,2505,R3
clinc150,0.6,0.6566666666666666,2505,R3
clinc150,0.65,0.683076923076923,2505,R3
clinc150,0.7,0.7057142857142857,2505,R3
clinc150,0.75,0.7253333333333334,2505,R3
clinc150,0.8,0.7425,2505,R3
clinc150,0.85,0.7576470588235295,2505,R3
clinc150,0.9,0.7711111111111111,2505,R3
clinc150,0.95,0.783157894736842,2505,R3
clinc150,1.0,0.794,2505,R3
banking77_open,0.05,0.017241379310344827,2505,R0
banking77_open,0.1,0.03017241379310345,2505,R0
banking77_open,0.15,0.04885057471264368,2505,R0
banking77_open,0.2,0.03879310344827586,2505,R0
banking77_open,0.25,0.04827586206896552,2505,R0
banking77_open,0.3,0.04885057471264368,2505,R0
banking77_open,0.35,0.054187192118226604,2505,R0
banking77_open,0.4,0.07004310344827586,2505,R0
banking77_open,0.45,0.08237547892720307,2505,R0
banking77_open,0.5,0.09051724137931035,2505,R0
banking77_open,0.55,0.09796238244514106,2505,R0
banking77_open,0.6,0.11637931034482758,2505,R0
banking77_open,0.65,0.1359416445623342,2505,R0
banking77_open,0.7,0.16687192118226601,2505,R0
banking77_open,0.75,0.19655172413793104,2505,R0
banking77_open,0.8,0.22844827586206898,2505,R0
banking77_open,0.85,0.26267748478701824,2505,R0
banking77_open,0.9,0.296455938697318,2505,R0
banking77_open,0.95,0.32667876588021777,2505,R0
banking77_open,1.0,0.3586206896551724,2505,R0
banking77_open,0.05,0.008620689655172414,2505,R2
banking77_open,0.1,0.02586206896551724,2505,R2
banking77_open,0.15,0.028735632183908046,2505,R2
banking77_open,0.2,0.034482758620689655,2505,R2
banking77_open,0.25,0.05344827586206897,2505,R2
banking77_open,0.3,0.05603448275862069,2505,R2
banking77_open,0.35,0.0665024630541872,2505,R2
banking77_open,0.4,0.07327586206896551,2505,R2
banking77_open,0.45,0.0842911877394636,2505,R2
banking77_open,0.5,0.10862068965517241,2505,R2
banking77_open,0.55,0.13322884012539185,2505,R2
banking77_open,0.6,0.15445402298850575,2505,R2
banking77_open,0.65,0.17506631299734748,2505,R2
banking77_open,0.7,0.2019704433497537,2505,R2
banking77_open,0.75,0.23160919540229885,2505,R2
banking77_open,0.8,0.2607758620689655,2505,R2
banking77_open,0.85,0.28752535496957404,2505,R2
banking77_open,0.9,0.3113026819923372,2505,R2
banking77_open,0.95,0.34392014519056263,2505,R2
banking77_open,1.0,0.3737068965517241,2505,R2
banking77_open,0.05,0.008620689655172414,2505,MAX_THRESHOLD
banking77_open,0.1,0.02586206896551724,2505,MAX_THRESHOLD
banking77_open,0.15,0.028735632183908046,2505,MAX_THRESHOLD
banking77_open,0.2,0.034482758620689655,2505,MAX_THRESHOLD
banking77_open,0.25,0.05344827586206897,2505,MAX_THRESHOLD
banking77_open,0.3,0.05603448275862069,2505,MAX_THRESHOLD
banking77_open,0.35,0.0665024630541872,2505,MAX_THRESHOLD
banking77_open,0.4,0.07327586206896551,2505,MAX_THRESHOLD
banking77_open,0.45,0.0842911877394636,2505,MAX_THRESHOLD
banking77_open,0.5,0.10862068965517241,2505,MAX_THRESHOLD
banking77_open,0.55,0.13322884012539185,2505,MAX_THRESHOLD
banking77_open,0.6,0.15445402298850575,2505,MAX_THRESHOLD
banking77_open,0.65,0.17506631299734748,2505,MAX_THRESHOLD
banking77_open,0.7,0.23214285714285715,2505,MAX_THRESHOLD
banking77_open,0.75,0.2833333333333333,2505,MAX_THRESHOLD
banking77_open,0.8,0.328125,2505,MAX_THRESHOLD
banking77_open,0.85,0.36764705882352944,2505,MAX_THRESHOLD
banking77_open,0.9,0.4027777777777778,2505,MAX_THRESHOLD
banking77_open,0.95,0.4342105263157895,2505,MAX_THRESHOLD
banking77_open,1.0,0.4625,2505,MAX_THRESHOLD
banking77_open,0.05,0.017241379310344827,2505,R3
banking77_open,0.1,0.03017241379310345,2505,R3
banking77_open,0.15,0.031609195402298854,2505,R3
banking77_open,0.2,0.23275862068965517,2505,R3
banking77_open,0.25,0.38620689655172413,2505,R3
banking77_open,0.3,0.4885057471264368,2505,R3
banking77_open,0.35,0.5615763546798029,2505,R3
banking77_open,0.4,0.6163793103448276,2505,R3
banking77_open,0.45,0.6590038314176245,2505,R3
banking77_open,0.5,0.6931034482758621,2505,R3
banking77_open,0.55,0.7210031347962382,2505,R3
banking77_open,0.6,0.7442528735632183,2505,R3
banking77_open,0.65,0.7639257294429708,2505,R3
banking77_open,0.7,0.7807881773399015,2505,R3
banking77_open,0.75,0.7954022988505747,2505,R3
banking77_open,0.8,0.8081896551724138,2505,R3
banking77_open,0.85,0.8194726166328601,2505,R3
banking77_open,0.9,0.8295019157088123,2505,R3
banking77_open,0.95,0.838475499092559,2505,R3
banking77_open,1.0,0.846551724137931,2505,R3
banking77_closed,0.05,0.0,2505,R0
banking77_closed,0.1,0.0,2505,R0
banking77_closed,0.15,0.0021645021645021645,2505,R0
banking77_closed,0.2,0.0016233766233766235,2505,R0
banking77_closed,0.25,0.0025974025974025974,2505,R0
banking77_closed,0.3,0.004329004329004329,2505,R0
banking77_closed,0.35,0.006493506493506494,2505,R0
banking77_closed,0.4,0.008116883116883116,2505,R0
banking77_closed,0.45,0.008658008658008658,2505,R0
banking77_closed,0.5,0.00974025974025974,2505,R0
banking77_closed,0.55,0.012987012987012988,2505,R0
banking77_closed,0.6,0.016774891774891776,2505,R0
banking77_closed,0.65,0.01998001998001998,2505,R0
banking77_closed,0.7,0.02411873840445269,2505,R0
banking77_closed,0.75,0.02987012987012987,2505,R0
banking77_closed,0.8,0.03936688311688312,2505,R0
banking77_closed,0.85,0.0481283422459893,2505,R0
banking77_closed,0.9,0.06024531024531025,2505,R0
banking77_closed,0.95,0.07997265892002735,2505,R0
banking77_closed,1.0,0.10779220779220779,2505,R0
banking77_closed,0.05,0.012987012987012988,2505,R2
banking77_closed,0.1,0.032467532467532464,2505,R2
banking77_closed,0.15,0.02813852813852814,2505,R2
banking77_closed,0.2,0.025974025974025976,2505,R2
banking77_closed,0.25,0.02727272727272727,2505,R2
banking77_closed,0.3,0.03571428571428571,2505,R2
banking77_closed,0.35,0.041743970315398886,2505,R2
banking77_closed,0.4,0.05032467532467533,2505,R2
banking77_closed,0.45,0.05555555555555555,2505,R2
banking77_closed,0.5,0.06298701298701298,2505,R2
banking77_closed,0.55,0.06729634002361275,2505,R2
banking77_closed,0.6,0.07575757575757576,2505,R2
banking77_closed,0.65,0.07692307692307693,2505,R2
banking77_closed,0.7,0.08580705009276438,2505,R2
banking77_closed,0.75,0.09567099567099567,2505,R2
banking77_closed,0.8,0.09983766233766234,2505,R2
banking77_closed,0.85,0.10580595874713522,2505,R2
banking77_closed,0.9,0.11507936507936507,2505,R2
banking77_closed,0.95,0.127136021872864,2505,R2
banking77_closed,1.0,0.14025974025974025,2505,R2
clinc150,0.05,0.02181818181818182,2506,R0
clinc150,0.1,0.03636363636363636,2506,R0
clinc150,0.15,0.06060606060606061,2506,R0
clinc150,0.2,0.07363636363636364,2506,R0
clinc150,0.25,0.13018181818181818,2506,R0
clinc150,0.3,0.2084848484848485,2506,R0
clinc150,0.35,0.2898701298701299,2506,R0
clinc150,0.4,0.36454545454545456,2506,R0
clinc150,0.45,0.42303030303030303,2506,R0
clinc150,0.5,0.47454545454545455,2506,R0
clinc150,0.55,0.5203305785123967,2506,R0
clinc150,0.6,0.5584848484848485,2506,R0
clinc150,0.65,0.5913286713286713,2506,R0
clinc150,0.7,0.6202597402597403,2506,R0
clinc150,0.75,0.6446060606060606,2506,R0
clinc150,0.8,0.6663636363636364,2506,R0
clinc150,0.85,0.6855614973262032,2506,R0
clinc150,0.9,0.7028282828282828,2506,R0
clinc150,0.95,0.7184688995215311,2506,R0
clinc150,1.0,0.7325454545454545,2506,R0
clinc150,0.05,0.014545454545454545,2506,R2
clinc150,0.1,0.06363636363636363,2506,R2
clinc150,0.15,0.10666666666666667,2506,R2
clinc150,0.2,0.15545454545454546,2506,R2
clinc150,0.25,0.21745454545454546,2506,R2
clinc150,0.3,0.2812121212121212,2506,R2
clinc150,0.35,0.345974025974026,2506,R2
clinc150,0.4,0.40863636363636363,2506,R2
clinc150,0.45,0.4573737373737374,2506,R2
clinc150,0.5,0.5014545454545455,2506,R2
clinc150,0.55,0.5381818181818182,2506,R2
clinc150,0.6,0.5721212121212121,2506,R2
clinc150,0.65,0.6011188811188811,2506,R2
clinc150,0.7,0.6272727272727273,2506,R2
clinc150,0.75,0.6518787878787878,2506,R2
clinc150,0.8,0.673409090909091,2506,R2
clinc150,0.85,0.6924064171122994,2506,R2
clinc150,0.9,0.7094949494949495,2506,R2
clinc150,0.95,0.7247846889952153,2506,R2
clinc150,1.0,0.7385454545454545,2506,R2
clinc150,0.05,0.014545454545454545,2506,MAX_THRESHOLD
clinc150,0.1,0.06363636363636363,2506,MAX_THRESHOLD
clinc150,0.15,0.10666666666666667,2506,MAX_THRESHOLD
clinc150,0.2,0.15545454545454546,2506,MAX_THRESHOLD
clinc150,0.25,0.21745454545454546,2506,MAX_THRESHOLD
clinc150,0.3,0.2812121212121212,2506,MAX_THRESHOLD
clinc150,0.35,0.35844155844155845,2506,MAX_THRESHOLD
clinc150,0.4,0.43863636363636366,2506,MAX_THRESHOLD
clinc150,0.45,0.501010101010101,2506,MAX_THRESHOLD
clinc150,0.5,0.5509090909090909,2506,MAX_THRESHOLD
clinc150,0.55,0.5917355371900826,2506,MAX_THRESHOLD
clinc150,0.6,0.6257575757575757,2506,MAX_THRESHOLD
clinc150,0.65,0.6545454545454545,2506,MAX_THRESHOLD
clinc150,0.7,0.6792207792207792,2506,MAX_THRESHOLD
clinc150,0.75,0.7006060606060606,2506,MAX_THRESHOLD
clinc150,0.8,0.7193181818181819,2506,MAX_THRESHOLD
clinc150,0.85,0.7358288770053476,2506,MAX_THRESHOLD
clinc150,0.9,0.7505050505050505,2506,MAX_THRESHOLD
clinc150,0.95,0.7636363636363637,2506,MAX_THRESHOLD
clinc150,1.0,0.7754545454545455,2506,MAX_THRESHOLD
clinc150,0.05,0.04,2506,R3
clinc150,0.1,0.52,2506,R3
clinc150,0.15,0.68,2506,R3
clinc150,0.2,0.76,2506,R3
clinc150,0.25,0.808,2506,R3
clinc150,0.3,0.84,2506,R3
clinc150,0.35,0.8628571428571429,2506,R3
clinc150,0.4,0.88,2506,R3
clinc150,0.45,0.8933333333333333,2506,R3
clinc150,0.5,0.904,2506,R3
clinc150,0.55,0.9127272727272727,2506,R3
clinc150,0.6,0.92,2506,R3
clinc150,0.65,0.9261538461538461,2506,R3
clinc150,0.7,0.9314285714285714,2506,R3
clinc150,0.75,0.936,2506,R3
clinc150,0.8,0.94,2506,R3
clinc150,0.85,0.9435294117647058,2506,R3
clinc150,0.9,0.9466666666666667,2506,R3
clinc150,0.95,0.9494736842105264,2506,R3
clinc150,1.0,0.952,2506,R3
banking77_open,0.05,0.0603448275862069,2506,R0
banking77_open,0.1,0.05603448275862069,2506,R0
banking77_open,0.15,0.05459770114942529,2506,R0
banking77_open,0.2,0.04525862068965517,2506,R0
banking77_open,0.25,0.05172413793103448,2506,R0
banking77_open,0.3,0.05890804597701149,2506,R0
banking77_open,0.35,0.06403940886699508,2506,R0
banking77_open,0.4,0.07327586206896551,2506,R0
banking77_open,0.45,0.08333333333333333,2506,R0
banking77_open,0.5,0.09224137931034483,2506,R0
banking77_open,0.55,0.10815047021943573,2506,R0
banking77_open,0.6,0.1257183908045977,2506,R0
banking77_open,0.65,0.14721485411140584,2506,R0
banking77_open,0.7,0.1724137931034483,2506,R0
banking77_open,0.75,0.20689655172413793,2506,R0
banking77_open,0.8,0.24030172413793102,2506,R0
banking77_open,0.85,0.2733265720081136,2506,R0
banking77_open,0.9,0.3065134099616858,2506,R0
banking77_open,0.95,0.3407441016333938,2506,R0
banking77_open,1.0,0.3711206896551724,2506,R0
banking77_open,0.05,0.008620689655172414,2506,R2
banking77_open,0.1,0.004310344827586207,2506,R2
banking77_open,0.15,0.020114942528735632,2506,R2
banking77_open,0.2,0.03017241379310345,2506,R2
banking77_open,0.25,0.03620689655172414,2506,R2
banking77_open,0.3,0.04597701149425287,2506,R2
banking77_open,0.35,0.06773399014778325,2506,R2
banking77_open,0.4,0.08512931034482758,2506,R2
banking77_open,0.45,0.09386973180076628,2506,R2
banking77_open,0.5,0.11896551724137931,2506,R2
banking77_open,0.55,0.14106583072100312,2506,R2
banking77_open,0.6,0.15804597701149425,2506,R2
banking77_open,0.65,0.1810344827586207,2506,R2
banking77_open,0.7,0.21120689655172414,2506,R2
banking77_open,0.75,0.24195402298850574,2506,R2
banking77_open,0.8,0.2704741379310345,2506,R2
banking77_open,0.85,0.30425963488843816,2506,R2
banking77_open,0.9,0.335727969348659,2506,R2
banking77_open,0.95,0.367513611615245,2506,R2
banking77_open,1.0,0.39655172413793105,2506,R2
banking77_open,0.05,0.008620689655172414,2506,MAX_THRESHOLD
banking77_open,0.1,0.004310344827586207,2506,MAX_THRESHOLD
banking77_open,0.15,0.020114942528735632,2506,MAX_THRESHOLD
banking77_open,0.2,0.03017241379310345,2506,MAX_THRESHOLD
banking77_open,0.25,0.03620689655172414,2506,MAX_THRESHOLD
banking77_open,0.3,0.04597701149425287,2506,MAX_THRESHOLD
banking77_open,0.35,0.06773399014778325,2506,MAX_THRESHOLD
banking77_open,0.4,0.08512931034482758,2506,MAX_THRESHOLD
banking77_open,0.45,0.09386973180076628,2506,MAX_THRESHOLD
banking77_open,0.5,0.11896551724137931,2506,MAX_THRESHOLD
banking77_open,0.55,0.14106583072100312,2506,MAX_THRESHOLD
banking77_open,0.6,0.15804597701149425,2506,MAX_THRESHOLD
banking77_open,0.65,0.1810344827586207,2506,MAX_THRESHOLD
banking77_open,0.7,0.21120689655172414,2506,MAX_THRESHOLD
banking77_open,0.75,0.26091954022988506,2506,MAX_THRESHOLD
banking77_open,0.8,0.30711206896551724,2506,MAX_THRESHOLD
banking77_open,0.85,0.34787018255578095,2506,MAX_THRESHOLD
banking77_open,0.9,0.38409961685823757,2506,MAX_THRESHOLD
banking77_open,0.95,0.4165154264972777,2506,MAX_THRESHOLD
banking77_open,1.0,0.44568965517241377,2506,MAX_THRESHOLD
banking77_open,0.05,0.017241379310344827,2506,R3
banking77_open,0.1,0.10775862068965517,2506,R3
banking77_open,0.15,0.4051724137931034,2506,R3
banking77_open,0.2,0.5538793103448276,2506,R3
banking77_open,0.25,0.6431034482758621,2506,R3
banking77_open,0.3,0.7025862068965517,2506,R3
banking77_open,0.35,0.7450738916256158,2506,R3
banking77_open,0.4,0.7769396551724138,2506,R3
banking77_open,0.45,0.8017241379310345,2506,R3
banking77_open,0.5,0.821551724137931,2506,R3
banking77_open,0.55,0.8377742946708464,2506,R3
banking77_open,0.6,0.8512931034482759,2506,R3
banking77_open,0.65,0.8627320954907162,2506,R3
banking77_open,0.7,0.8725369458128078,2506,R3
banking77_open,0.75,0.8810344827586207,2506,R3
banking77_open,0.8,0.8884698275862069,2506,R3
banking77_open,0.85,0.8950304259634888,2506,R3
banking77_open,0.9,0.9008620689655172,2506,R3
banking77_open,0.95,0.9060798548094374,2506,R3
banking77_open,1.0,0.9107758620689655,2506,R3
banking77_closed,0.05,0.0,2506,R0
banking77_closed,0.1,0.0,2506,R0
banking77_closed,0.15,0.0021645021645021645,2506,R0
banking77_closed,0.2,0.0016233766233766235,2506,R0
banking77_closed,0.25,0.0012987012987012987,2506,R0
banking77_closed,0.3,0.005411255411255411,2506,R0
banking77_closed,0.35,0.006493506493506494,2506,R0
banking77_closed,0.4,0.011363636363636364,2506,R0
banking77_closed,0.45,0.010101010101010102,2506,R0
banking77_closed,0.5,0.01038961038961039,2506,R0
banking77_closed,0.55,0.012396694214876033,2506,R0
banking77_closed,0.6,0.015692640692640692,2506,R0
banking77_closed,0.65,0.02147852147852148,2506,R0
banking77_closed,0.7,0.02458256029684601,2506,R0
banking77_closed,0.75,0.030735930735930735,2506,R0
banking77_closed,0.8,0.03409090909090909,2506,R0
banking77_closed,0.85,0.04660045836516425,2506,R0
banking77_closed,0.9,0.05627705627705628,2506,R0
banking77_closed,0.95,0.07655502392344497,2506,R0
banking77_closed,1.0,0.10324675324675325,2506,R0
banking77_closed,0.05,0.006493506493506494,2506,R2
banking77_closed,0.1,0.025974025974025976,2506,R2
banking77_closed,0.15,0.021645021645021644,2506,R2
banking77_closed,0.2,0.025974025974025976,2506,R2
banking77_closed,0.25,0.02987012987012987,2506,R2
banking77_closed,0.3,0.03571428571428571,2506,R2
banking77_closed,0.35,0.039888682745825604,2506,R2
banking77_closed,0.4,0.05032467532467533,2506,R2
banking77_closed,0.45,0.05555555555555555,2506,R2
banking77_closed,0.5,0.06038961038961039,2506,R2
banking77_closed,0.55,0.07024793388429752,2506,R2
banking77_closed,0.6,0.07467532467532467,2506,R2
banking77_closed,0.65,0.08091908091908091,2506,R2
banking77_closed,0.7,0.08719851576994433,2506,R2
banking77_closed,0.75,0.09783549783549783,2506,R2
banking77_closed,0.8,0.1038961038961039,2506,R2
banking77_closed,0.85,0.11038961038961038,2506,R2
banking77_closed,0.9,0.11868686868686869,2506,R2
banking77_closed,0.95,0.12952836637047163,2506,R2
banking77_closed,1.0,0.14415584415584415,2506,R2
clinc150,0.05,0.0,2507,R0
clinc150,0.1,0.014545454545454545,2507,R0
clinc150,0.15,0.030303030303030304,2507,R0
clinc150,0.2,0.07454545454545454,2507,R0
clinc150,0.25,0.13018181818181818,2507,R0
clinc150,0.3,0.20545454545454545,2507,R0
clinc150,0.35,0.2857142857142857,2507,R0
clinc150,0.4,0.3609090909090909,2507,R0
clinc150,0.45,0.4222222222222222,2507,R0
clinc150,0.5,0.4749090909090909,2507,R0
clinc150,0.55,0.5196694214876033,2507,R0
clinc150,0.6,0.5593939393939394,2507,R0
clinc150,0.65,0.5924475524475524,2507,R0
clinc150,0.7,0.6205194805194805,2507,R0
clinc150,0.75,0.645090909090909,2507,R0
clinc150,0.8,0.6672727272727272,2507,R0
clinc150,0.85,0.6868449197860963,2507,R0
clinc150,0.9,0.7042424242424242,2507,R0
clinc150,0.95,0.7198086124401913,2507,R0
clinc150,1.0,0.7338181818181818,2507,R0
clinc150,0.05,0.03636363636363636,2507,R2
clinc150,0.1,0.07454545454545454,2507,R2
clinc150,0.15,0.11151515151515151,2507,R2
clinc150,0.2,0.15636363636363637,2507,R2
clinc150,0.25,0.21454545454545454,2507,R2
clinc150,0.3,0.2721212121212121,2507,R2
clinc150,0.35,0.3251948051948052,2507,R2
clinc150,0.4,0.38227272727272726,2507,R2
clinc150,0.45,0.43474747474747477,2507,R2
clinc150,0.5,0.4807272727272727,2507,R2
clinc150,0.55,0.5246280991735537,2507,R2
clinc150,0.6,0.5596969696969697,2507,R2
clinc150,0.65,0.5913286713286713,2507,R2
clinc150,0.7,0.6202597402597403,2507,R2
clinc150,0.75,0.6443636363636364,2507,R2
clinc150,0.8,0.6661363636363636,2507,R2
clinc150,0.85,0.6857754010695187,2507,R2
clinc150,0.9,0.7032323232323232,2507,R2
clinc150,0.95,0.7188516746411483,2507,R2
clinc150,1.0,0.732909090909091,2507,R2
clinc150,0.05,0.03636363636363636,2507,MAX_THRESHOLD
clinc150,0.1,0.07454545454545454,2507,MAX_THRESHOLD
clinc150,0.15,0.11151515151515151,2507,MAX_THRESHOLD
clinc150,0.2,0.15636363636363637,2507,MAX_THRESHOLD
clinc150,0.25,0.21454545454545454,2507,MAX_THRESHOLD
clinc150,0.3,0.2721212121212121,2507,MAX_THRESHOLD
clinc150,0.35,0.37246753246753245,2507,MAX_THRESHOLD
clinc150,0.4,0.4509090909090909,2507,MAX_THRESHOLD
clinc150,0.45,0.5119191919191919,2507,MAX_THRESHOLD
clinc150,0.5,0.5607272727272727,2507,MAX_THRESHOLD
clinc150,0.55,0.6006611570247934,2507,MAX_THRESHOLD
clinc150,0.6,0.6339393939393939,2507,MAX_THRESHOLD
clinc150,0.65,0.6620979020979021,2507,MAX_THRESHOLD
clinc150,0.7,0.6862337662337662,2507,MAX_THRESHOLD
clinc150,0.75,0.7071515151515152,2507,MAX_THRESHOLD
clinc150,0.8,0.7254545454545455,2507,MAX_THRESHOLD
clinc150,0.85,0.7416042780748663,2507,MAX_THRESHOLD
clinc150,0.9,0.7559595959595959,2507,MAX_THRESHOLD
clinc150,0.95,0.7688038277511962,2507,MAX_THRESHOLD
clinc150,1.0,0.7803636363636364,2507,MAX_THRESHOLD
clinc150,0.05,0.04727272727272727,2507,R3
clinc150,0.1,0.38727272727272727,2507,R3
clinc150,0.15,0.5915151515151515,2507,R3
clinc150,0.2,0.6936363636363636,2507,R3
clinc150,0.25,0.7549090909090909,2507,R3
clinc150,0.3,0.7957575757575758,2507,R3
clinc150,0.35,0.824935064935065,2507,R3
clinc150,0.4,0.8468181818181818,2507,R3
clinc150,0.45,0.8638383838383838,2507,R3
clinc150,0.5,0.8774545454545455,2507,R3
clinc150,0.55,0.888595041322314,2507,R3
clinc150,0.6,0.8978787878787878,2507,R3
clinc150,0.65,0.9057342657342657,2507,R3
clinc150,0.7,0.9124675324675324,2507,R3
clinc150,0.75,0.9183030303030303,2507,R3
clinc150,0.8,0.923409090909091,2507,R3
clinc150,0.85,0.9279144385026737,2507,R3
clinc150,0.9,0.9319191919191919,2507,R3
clinc150,0.95,0.9355023923444976,2507,R3
clinc150,1.0,0.9387272727272727,2507,R3
banking77_open,0.05,0.02586206896551724,2507,R0
banking77_open,0.1,0.021551724137931036,2507,R0
banking77_open,0.15,0.040229885057471264,2507,R0
banking77_open,0.2,0.03879310344827586,2507,R0
banking77_open,0.25,0.04827586206896552,2507,R0
banking77_open,0.3,0.06465517241379311,2507,R0
banking77_open,0.35,0.08004926108374384,2507,R0
banking77_open,0.4,0.0894396551724138,2507,R0
banking77_open,0.45,0.1053639846743295,2507,R0
banking77_open,0.5,0.11379310344827587,2507,R0
banking77_open,0.55,0.13401253918495298,2507,R0
banking77_open,0.6,0.14870689655172414,2507,R0
banking77_open,0.65,0.16578249336870027,2507,R0
banking77_open,0.7,0.18842364532019704,2507,R0
banking77_open,0.75,0.21724137931034482,2507,R0
banking77_open,0.8,0.24892241379310345,2507,R0
banking77_open,0.85,0.281947261663286,2507,R0
banking77_open,0.9,0.3132183908045977,2507,R0
banking77_open,0.95,0.34346642468239563,2507,R0
banking77_open,1.0,0.37025862068965515,2507,R0
banking77_open,0.05,0.0,2507,R2
banking77_open,0.1,0.01293103448275862,2507,R2
banking77_open,0.15,0.020114942528735632,2507,R2
banking77_open,0.2,0.036637931034482756,2507,R2
banking77_open,0.25,0.04655172413793104,2507,R2
banking77_open,0.3,0.06752873563218391,2507,R2
banking77_open,0.35,0.08004926108374384,2507,R2
banking77_open,0.4,0.10237068965517242,2507,R2
banking77_open,0.45,0.11781609195402298,2507,R2
banking77_open,0.5,0.13620689655172413,2507,R2
banking77_open,0.55,0.15282131661442006,2507,R2
banking77_open,0.6,0.16810344827586207,2507,R2
banking77_open,0.65,0.1896551724137931,2507,R2
banking77_open,0.7,0.21366995073891626,2507,R2
banking77_open,0.75,0.24482758620689654,2507,R2
banking77_open,0.8,0.27316810344827586,2507,R2
banking77_open,0.85,0.3017241379310345,2507,R2
banking77_open,0.9,0.33237547892720304,2507,R2
banking77_open,0.95,0.36116152450090744,2507,R2
banking77_open,1.0,0.3896551724137931,2507,R2
banking77_open,0.05,0.0,2507,MAX_THRESHOLD
banking77_open,0.1,0.01293103448275862,2507,MAX_THRESHOLD
banking77_open,0.15,0.020114942528735632,2507,MAX_THRESHOLD
banking77_open,0.2,0.036637931034482756,2507,MAX_THRESHOLD
banking77_open,0.25,0.04655172413793104,2507,MAX_THRESHOLD
banking77_open,0.3,0.06752873563218391,2507,MAX_THRESHOLD
banking77_open,0.35,0.08004926108374384,2507,MAX_THRESHOLD
banking77_open,0.4,0.10237068965517242,2507,MAX_THRESHOLD
banking77_open,0.45,0.11781609195402298,2507,MAX_THRESHOLD
banking77_open,0.5,0.13620689655172413,2507,MAX_THRESHOLD
banking77_open,0.55,0.15282131661442006,2507,MAX_THRESHOLD
banking77_open,0.6,0.16810344827586207,2507,MAX_THRESHOLD
banking77_open,0.65,0.21153846153846154,2507,MAX_THRESHOLD
banking77_open,0.7,0.26785714285714285,2507,MAX_THRESHOLD
banking77_open,0.75,0.31666666666666665,2507,MAX_THRESHOLD
banking77_open,0.8,0.359375,2507,MAX_THRESHOLD
banking77_open,0.85,0.39705882352941174,2507,MAX_THRESHOLD
banking77_open,0.9,0.4305555555555556,2507,MAX_THRESHOLD
banking77_open,0.95,0.4605263157894737,2507,MAX_THRESHOLD
banking77_open,1.0,0.4875,2507,MAX_THRESHOLD
banking77_open,0.05,0.0,2507,R3
banking77_open,0.1,0.01293103448275862,2507,R3
banking77_open,0.15,0.11781609195402298,2507,R3
banking77_open,0.2,0.33836206896551724,2507,R3
banking77_open,0.25,0.4706896551724138,2507,R3
banking77_open,0.3,0.5589080459770115,2507,R3
banking77_open,0.35,0.6219211822660099,2507,R3
banking77_open,0.4,0.6691810344827587,2507,R3
banking77_open,0.45,0.7059386973180076,2507,R3
banking77_open,0.5,0.7353448275862069,2507,R3
banking77_open,0.55,0.7594043887147336,2507,R3
banking77_open,0.6,0.7794540229885057,2507,R3
banking77_open,0.65,0.7964190981432361,2507,R3
banking77_open,0.7,0.8109605911330049,2507,R3
banking77_open,0.75,0.8235632183908046,2507,R3
banking77_open,0.8,0.8345905172413793,2507,R3
banking77_open,0.85,0.8443204868154158,2507,R3
banking77_open,0.9,0.8529693486590039,2507,R3
banking77_open,0.95,0.8607078039927405,2507,R3
banking77_open,1.0,0.8676724137931034,2507,R3
banking77_closed,0.05,0.0,2507,R0
banking77_closed,0.1,0.0,2507,R0
banking77_closed,0.15,0.0021645021645021645,2507,R0
banking77_closed,0.2,0.0016233766233766235,2507,R0
banking77_closed,0.25,0.003896103896103896,2507,R0
banking77_closed,0.3,0.004329004329004329,2507,R0
banking77_closed,0.35,0.006493506493506494,2507,R0
banking77_closed,0.4,0.00974025974025974,2507,R0
banking77_closed,0.45,0.00937950937950938,2507,R0
banking77_closed,0.5,0.01038961038961039,2507,R0
banking77_closed,0.55,0.011806375442739079,2507,R0
banking77_closed,0.6,0.015692640692640692,2507,R0
banking77_closed,0.65,0.017482517482517484,2507,R0
banking77_closed,0.7,0.022263450834879406,2507,R0
banking77_closed,0.75,0.024675324675324677,2507,R0
banking77_closed,0.8,0.03449675324675325,2507,R0
banking77_closed,0.85,0.046982429335370515,2507,R0
banking77_closed,0.9,0.06024531024531025,2507,R0
banking77_closed,0.95,0.07963089542036911,2507,R0
banking77_closed,1.0,0.10681818181818181,2507,R0
banking77_closed,0.05,0.0,2507,R2
banking77_closed,0.1,0.022727272727272728,2507,R2
banking77_closed,0.15,0.025974025974025976,2507,R2
banking77_closed,0.2,0.027597402597402596,2507,R2
banking77_closed,0.25,0.03116883116883117,2507,R2
banking77_closed,0.3,0.04220779220779221,2507,R2
banking77_closed,0.35,0.04452690166975881,2507,R2
banking77_closed,0.4,0.05519480519480519,2507,R2
banking77_closed,0.45,0.06132756132756133,2507,R2
banking77_closed,0.5,0.06493506493506493,2507,R2
banking77_closed,0.55,0.07319952774498228,2507,R2
banking77_closed,0.6,0.07792207792207792,2507,R2
banking77_closed,0.65,0.08441558441558442,2507,R2
banking77_closed,0.7,0.09276437847866419,2507,R2
banking77_closed,0.75,0.09956709956709957,2507,R2
banking77_closed,0.8,0.10592532467532467,2507,R2
banking77_closed,0.85,0.1134453781512605,2507,R2
banking77_closed,0.9,0.1204906204906205,2507,R2
banking77_closed,0.95,0.13123718386876282,2507,R2
banking77_closed,1.0,0.1435064935064935,2507,R2
clinc150,0.05,0.01090909090909091,2508,R0
clinc150,0.1,0.016363636363636365,2508,R0
clinc150,0.15,0.05333333333333334,2508,R0
clinc150,0.2,0.08727272727272728,2508,R0
clinc150,0.25,0.14036363636363636,2508,R0
clinc150,0.3,0.21454545454545454,2508,R0
clinc150,0.35,0.28935064935064936,2508,R0
clinc150,0.4,0.36,2508,R0
clinc150,0.45,0.4202020202020202,2508,R0
clinc150,0.5,0.4741818181818182,2508,R0
clinc150,0.55,0.52,2508,R0
clinc150,0.6,0.5587878787878788,2508,R0
clinc150,0.65,0.5913286713286713,2508,R0
clinc150,0.7,0.6205194805194805,2508,R0
clinc150,0.75,0.6458181818181818,2508,R0
clinc150,0.8,0.6679545454545455,2508,R0
clinc150,0.85,0.6870588235294117,2508,R0
clinc150,0.9,0.704040404040404,2508,R0
clinc150,0.95,0.7192344497607656,2508,R0
clinc150,1.0,0.7332727272727273,2508,R0
clinc150,0.05,0.09090909090909091,2508,R2
clinc150,0.1,0.13090909090909092,2508,R2
clinc150,0.15,0.1709090909090909,2508,R2
clinc150,0.2,0.19454545454545455,2508,R2
clinc150,0.25,0.23927272727272728,2508,R2
clinc150,0.3,0.29393939393939394,2508,R2
clinc150,0.35,0.3490909090909091,2508,R2
clinc150,0.4,0.405,2508,R2
clinc150,0.45,0.45494949494949494,2508,R2
clinc150,0.5,0.49854545454545457,2508,R2
clinc150,0.55,0.5371900826446281,2508,R2
clinc150,0.6,0.5715151515151515,2508,R2
clinc150,0.65,0.6019580419580419,2508,R2
clinc150,0.7,0.6290909090909091,2508,R2
clinc150,0.75,0.6518787878787878,2508,R2
clinc150,0.8,0.6731818181818182,2508,R2
clinc150,0.85,0.6919786096256685,2508,R2
clinc150,0.9,0.7090909090909091,2508,R2
clinc150,0.95,0.724401913875598,2508,R2
clinc150,1.0,0.738,2508,R2
clinc150,0.05,0.09090909090909091,2508,MAX_THRESHOLD
clinc150,0.1,0.13090909090909092,2508,MAX_THRESHOLD
clinc150,0.15,0.1709090909090909,2508,MAX_THRESHOLD
clinc150,0.2,0.19454545454545455,2508,MAX_THRESHOLD
clinc150,0.25,0.23927272727272728,2508,MAX_THRESHOLD
clinc150,0.3,0.29393939393939394,2508,MAX_THRESHOLD
clinc150,0.35,0.3948051948051948,2508,MAX_THRESHOLD
clinc150,0.4,0.47045454545454546,2508,MAX_THRESHOLD
clinc150,0.45,0.5292929292929293,2508,MAX_THRESHOLD
clinc150,0.5,0.5763636363636364,2508,MAX_THRESHOLD
clinc150,0.55,0.6148760330578512,2508,MAX_THRESHOLD
clinc150,0.6,0.646969696969697,2508,MAX_THRESHOLD
clinc150,0.65,0.6741258741258741,2508,MAX_THRESHOLD
clinc150,0.7,0.6974025974025974,2508,MAX_THRESHOLD
clinc150,0.75,0.7175757575757575,2508,MAX_THRESHOLD
clinc150,0.8,0.7352272727272727,2508,MAX_THRESHOLD
clinc150,0.85,0.7508021390374332,2508,MAX_THRESHOLD
clinc150,0.9,0.7646464646464647,2508,MAX_THRESHOLD
clinc150,0.95,0.7770334928229665,2508,MAX_THRESHOLD
clinc150,1.0,0.7881818181818182,2508,MAX_THRESHOLD
clinc150,0.05,0.09454545454545454,2508,R3
clinc150,0.1,0.2909090909090909,2508,R3
clinc150,0.15,0.5272727272727272,2508,R3
clinc150,0.2,0.6454545454545455,2508,R3
clinc150,0.25,0.7163636363636363,2508,R3
clinc150,0.3,0.7636363636363637,2508,R3
clinc150,0.35,0.7974025974025974,2508,R3
clinc150,0.4,0.8227272727272728,2508,R3
clinc150,0.45,0.8424242424242424,2508,R3
clinc150,0.5,0.8581818181818182,2508,R3
clinc150,0.55,0.8710743801652893,2508,R3
clinc150,0.6,0.8818181818181818,2508,R3
clinc150,0.65,0.8909090909090909,2508,R3
clinc150,0.7,0.8987012987012987,2508,R3
clinc150,0.75,0.9054545454545454,2508,R3
clinc150,0.8,0.9113636363636364,2508,R3
clinc150,0.85,0.9165775401069519,2508,R3
clinc150,0.9,0.9212121212121213,2508,R3
clinc150,0.95,0.9253588516746412,2508,R3
clinc150,1.0,0.9290909090909091,2508,R3
banking77_open,0.05,0.0,2508,R0
banking77_open,0.1,0.004310344827586207,2508,R0
banking77_open,0.15,0.005747126436781609,2508,R0
banking77_open,0.2,0.008620689655172414,2508,R0
banking77_open,0.25,0.008620689655172414,2508,R0
banking77_open,0.3,0.014367816091954023,2508,R0
banking77_open,0.35,0.01600985221674877,2508,R0
banking77_open,0.4,0.021551724137931036,2508,R0
banking77_open,0.45,0.032567049808429116,2508,R0
banking77_open,0.5,0.04396551724137931,2508,R0
banking77_open,0.55,0.054858934169279,2508,R0
banking77_open,0.6,0.08117816091954023,2508,R0
banking77_open,0.65,0.11273209549071618,2508,R0
banking77_open,0.7,0.1520935960591133,2508,R0
banking77_open,0.75,0.1925287356321839,2508,R0
banking77_open,0.8,0.22844827586206898,2508,R0
banking77_open,0.85,0.26774847870182555,2508,R0
banking77_open,0.9,0.3045977011494253,2508,R0
banking77_open,0.95,0.338475499092559,2508,R0
banking77_open,1.0,0.36853448275862066,2508,R0
banking77_open,0.05,0.0,2508,R2
banking77_open,0.1,0.034482758620689655,2508,R2
banking77_open,0.15,0.02586206896551724,2508,R2
banking77_open,0.2,0.03017241379310345,2508,R2
banking77_open,0.25,0.034482758620689655,2508,R2
banking77_open,0.3,0.04454022988505747,2508,R2
banking77_open,0.35,0.06157635467980296,2508,R2
banking77_open,0.4,0.07004310344827586,2508,R2
banking77_open,0.45,0.08045977011494253,2508,R2
banking77_open,0.5,0.09913793103448276,2508,R2
banking77_open,0.55,0.11912225705329153,2508,R2
banking77_open,0.6,0.14511494252873564,2508,R2
banking77_open,0.65,0.17307692307692307,2508,R2
banking77_open,0.7,0.20751231527093597,2508,R2
banking77_open,0.75,0.23735632183908045,2508,R2
banking77_open,0.8,0.27155172413793105,2508,R2
banking77_open,0.85,0.30273833671399597,2508,R2
banking77_open,0.9,0.33237547892720304,2508,R2
banking77_open,0.95,0.3607078039927405,2508,R2
banking77_open,1.0,0.38620689655172413,2508,R2
banking77_open,0.05,0.0,2508,MAX_THRESHOLD
banking77_open,0.1,0.034482758620689655,2508,MAX_THRESHOLD
banking77_open,0.15,0.02586206896551724,2508,MAX_THRESHOLD
banking77_open,0.2,0.03017241379310345,2508,MAX_THRESHOLD
banking77_open,0.25,0.034482758620689655,2508,MAX_THRESHOLD
banking77_open,0.3,0.04454022988505747,2508,MAX_THRESHOLD
banking77_open,0.35,0.06157635467980296,2508,MAX_THRESHOLD
banking77_open,0.4,0.07004310344827586,2508,MAX_THRESHOLD
banking77_open,0.45,0.08045977011494253,2508,MAX_THRESHOLD
banking77_open,0.5,0.09913793103448276,2508,MAX_THRESHOLD
banking77_open,0.55,0.11912225705329153,2508,MAX_THRESHOLD
banking77_open,0.6,0.14511494252873564,2508,MAX_THRESHOLD
banking77_open,0.65,0.20159151193633953,2508,MAX_THRESHOLD
banking77_open,0.7,0.25862068965517243,2508,MAX_THRESHOLD
banking77_open,0.75,0.3080459770114943,2508,MAX_THRESHOLD
banking77_open,0.8,0.35129310344827586,2508,MAX_THRESHOLD
banking77_open,0.85,0.3894523326572008,2508,MAX_THRESHOLD
banking77_open,0.9,0.42337164750957856,2508,MAX_THRESHOLD
banking77_open,0.95,0.4537205081669691,2508,MAX_THRESHOLD
banking77_open,1.0,0.4810344827586207,2508,MAX_THRESHOLD
banking77_open,0.05,0.0,2508,R3
banking77_open,0.1,0.03879310344827586,2508,R3
banking77_open,0.15,0.23563218390804597,2508,R3
banking77_open,0.2,0.4267241379310345,2508,R3
banking77_open,0.25,0.5413793103448276,2508,R3
banking77_open,0.3,0.617816091954023,2508,R3
banking77_open,0.35,0.6724137931034483,2508,R3
banking77_open,0.4,0.7133620689655172,2508,R3
banking77_open,0.45,0.7452107279693486,2508,R3
banking77_open,0.5,0.7706896551724138,2508,R3
banking77_open,0.55,0.7915360501567398,2508,R3
banking77_open,0.6,0.8089080459770115,2508,R3
banking77_open,0.65,0.8236074270557029,2508,R3
banking77_open,0.7,0.8362068965517241,2508,R3
banking77_open,0.75,0.8471264367816091,2508,R3
banking77_open,0.8,0.8566810344827587,2508,R3
banking77_open,0.85,0.8651115618661258,2508,R3
banking77_open,0.9,0.8726053639846744,2508,R3
banking77_open,0.95,0.8793103448275862,2508,R3
banking77_open,1.0,0.8853448275862069,2508,R3
banking77_closed,0.05,0.0,2508,R0
banking77_closed,0.1,0.0,2508,R0
banking77_closed,0.15,0.0021645021645021645,2508,R0
banking77_closed,0.2,0.0016233766233766235,2508,R0
banking77_closed,0.25,0.0012987012987012987,2508,R0
banking77_closed,0.3,0.003246753246753247,2508,R0
banking77_closed,0.35,0.00463821892393321,2508,R0
banking77_closed,0.4,0.008928571428571428,2508,R0
banking77_closed,0.45,0.00937950937950938,2508,R0
banking77_closed,0.5,0.01103896103896104,2508,R0
banking77_closed,0.55,0.011806375442739079,2508,R0
banking77_closed,0.6,0.015151515151515152,2508,R0
banking77_closed,0.65,0.01848151848151848,2508,R0
banking77_closed,0.7,0.02458256029684601,2508,R0
banking77_closed,0.75,0.030735930735930735,2508,R0
banking77_closed,0.8,0.037337662337662336,2508,R0
banking77_closed,0.85,0.046218487394957986,2508,R0
banking77_closed,0.9,0.06060606060606061,2508,R0
banking77_closed,0.95,0.08031442241968557,2508,R0
banking77_closed,1.0,0.10616883116883116,2508,R0
banking77_closed,0.05,0.0,2508,R2
banking77_closed,0.1,0.025974025974025976,2508,R2
banking77_closed,0.15,0.025974025974025976,2508,R2
banking77_closed,0.2,0.025974025974025976,2508,R2
banking77_closed,0.25,0.02727272727272727,2508,R2
banking77_closed,0.3,0.031385281385281384,2508,R2
banking77_closed,0.35,0.03710575139146568,2508,R2
banking77_closed,0.4,0.04707792207792208,2508,R2
banking77_closed,0.45,0.049062049062049064,2508,R2
banking77_closed,0.5,0.05454545454545454,2508,R2
banking77_closed,0.55,0.06316410861865407,2508,R2
banking77_closed,0.6,0.06872294372294373,2508,R2
banking77_closed,0.65,0.07492507492507493,2508,R2
banking77_closed,0.7,0.08256029684601113,2508,R2
banking77_closed,0.75,0.09047619047619047,2508,R2
banking77_closed,0.8,0.09780844155844155,2508,R2
banking77_closed,0.85,0.10466004583651642,2508,R2
banking77_closed,0.9,0.11327561327561328,2508,R2
banking77_closed,0.95,0.12611073137388926,2508,R2
banking77_closed,1.0,0.1435064935064935,2508,R2
clinc150,0.05,0.12,2509,R0
clinc150,0.1,0.10727272727272727,2509,R0
clinc150,0.15,0.12606060606060607,2509,R0
clinc150,0.2,0.13454545454545455,2509,R0
clinc150,0.25,0.1709090909090909,2509,R0
clinc150,0.3,0.23333333333333334,2509,R0
clinc150,0.35,0.30077922077922076,2509,R0
clinc150,0.4,0.36772727272727274,2509,R0
clinc150,0.45,0.42747474747474745,2509,R0
clinc150,0.5,0.48,2509,R0
clinc150,0.55,0.523305785123967,2509,R0
clinc150,0.6,0.56,2509,R0
clinc150,0.65,0.5932867132867133,2509,R0
clinc150,0.7,0.6210389610389611,2509,R0
clinc150,0.75,0.6455757575757576,2509,R0
clinc150,0.8,0.6672727272727272,2509,R0
clinc150,0.85,0.6864171122994652,2509,R0
clinc150,0.9,0.7034343434343434,2509,R0
clinc150,0.95,0.7188516746411483,2509,R0
clinc150,1.0,0.732909090909091,2509,R0
clinc150,0.05,0.03272727272727273,2509,R2
clinc150,0.1,0.07090909090909091,2509,R2
clinc150,0.15,0.13090909090909092,2509,R2
clinc150,0.2,0.19818181818181818,2509,R2
clinc150,0.25,0.2545454545454545,2509,R2
clinc150,0.3,0.31575757575757574,2509,R2
clinc150,0.35,0.3625974025974026,2509,R2
clinc150,0.4,0.415,2509,R2
clinc150,0.45,0.463030303030303,2509,R2
clinc150,0.5,0.5054545454545455,2509,R2
clinc150,0.55,0.5421487603305785,2509,R2
clinc150,0.6,0.5742424242424242,2509,R2
clinc150,0.65,0.6047552447552448,2509,R2
clinc150,0.7,0.6311688311688312,2509,R2
clinc150,0.75,0.6547878787878788,2509,R2
clinc150,0.8,0.6754545454545454,2509,R2
clinc150,0.85,0.6936898395721925,2509,R2
clinc150,0.9,0.7105050505050505,2509,R2
clinc150,0.95,0.7255502392344497,2509,R2
clinc150,1.0,0.7392727272727273,2509,R2
clinc150,0.05,0.03272727272727273,2509,MAX_THRESHOLD
clinc150,0.1,0.07090909090909091,2509,MAX_THRESHOLD
clinc150,0.15,0.13090909090909092,2509,MAX_THRESHOLD
clinc150,0.2,0.19818181818181818,2509,MAX_THRESHOLD
clinc150,0.25,0.2545454545454545,2509,MAX_THRESHOLD
clinc150,0.3,0.31575757575757574,2509,MAX_THRESHOLD
clinc150,0.35,0.3849350649350649,2509,MAX_THRESHOLD
clinc150,0.4,0.4618181818181818,2509,MAX_THRESHOLD
clinc150,0.45,0.5216161616161616,2509,MAX_THRESHOLD
clinc150,0.5,0.5694545454545454,2509,MAX_THRESHOLD
clinc150,0.55,0.608595041322314,2509,MAX_THRESHOLD
clinc150,0.6,0.6412121212121212,2509,MAX_THRESHOLD
clinc150,0.65,0.6688111888111888,2509,MAX_THRESHOLD
clinc150,0.7,0.6924675324675325,2509,MAX_THRESHOLD
clinc150,0.75,0.7129696969696969,2509,MAX_THRESHOLD
clinc150,0.8,0.730909090909091,2509,MAX_THRESHOLD
clinc150,0.85,0.7467379679144385,2509,MAX_THRESHOLD
clinc150,0.9,0.7608080808080808,2509,MAX_THRESHOLD
clinc150,0.95,0.7733971291866029,2509,MAX_THRESHOLD
clinc150,1.0,0.7847272727272727,2509,MAX_THRESHOLD
clinc150,0.05,0.03272727272727273,2509,R3
clinc150,0.1,0.4672727272727273,2509,R3
clinc150,0.15,0.6448484848484849,2509,R3
clinc150,0.2,0.7336363636363636,2509,R3
clinc150,0.25,0.7869090909090909,2509,R3
clinc150,0.3,0.8224242424242424,2509,R3
clinc150,0.35,0.8477922077922078,2509,R3
clinc150,0.4,0.8668181818181818,2509,R3
clinc150,0.45,0.8816161616161616,2509,R3
clinc150,0.5,0.8934545454545455,2509,R3
clinc150,0.55,0.9031404958677686,2509,R3
clinc150,0.6,0.9112121212121213,2509,R3
clinc150,0.65,0.9180419580419581,2509,R3
clinc150,0.7,0.9238961038961039,2509,R3
clinc150,0.75,0.928969696969697,2509,R3
clinc150,0.8,0.9334090909090909,2509,R3
clinc150,0.85,0.9373262032085562,2509,R3
clinc150,0.9,0.9408080808080808,2509,R3
clinc150,0.95,0.9439234449760766,2509,R3
clinc150,1.0,0.9467272727272728,2509,R3
banking77_open,0.05,0.008620689655172414,2509,R0
banking77_open,0.1,0.017241379310344827,2509,R0
banking77_open,0.15,0.031609195402298854,2509,R0
banking77_open,0.2,0.03879310344827586,2509,R0
banking77_open,0.25,0.04655172413793104,2509,R0
banking77_open,0.3,0.07040229885057471,2509,R0
banking77_open,0.35,0.0874384236453202,2509,R0
banking77_open,0.4,0.10344827586206896,2509,R0
banking77_open,0.45,0.11781609195402298,2509,R0
banking77_open,0.5,0.1336206896551724,2509,R0
banking77_open,0.55,0.13871473354231975,2509,R0
banking77_open,0.6,0.16522988505747127,2509,R0
banking77_open,0.65,0.18037135278514588,2509,R0
banking77_open,0.7,0.2062807881773399,2509,R0
banking77_open,0.75,0.22701149425287356,2509,R0
banking77_open,0.8,0.25700431034482757,2509,R0
banking77_open,0.85,0.2865111561866126,2509,R0
banking77_open,0.9,0.3170498084291188,2509,R0
banking77_open,0.95,0.34392014519056263,2509,R0
banking77_open,1.0,0.3732758620689655,2509,R0
banking77_open,0.05,0.008620689655172414,2509,R2
banking77_open,0.1,0.017241379310344827,2509,R2
banking77_open,0.15,0.028735632183908046,2509,R2
banking77_open,0.2,0.03879310344827586,2509,R2
banking77_open,0.25,0.05862068965517241,2509,R2
banking77_open,0.3,0.07614942528735633,2509,R2
banking77_open,0.35,0.10714285714285714,2509,R2
banking77_open,0.4,0.11637931034482758,2509,R2
banking77_open,0.45,0.13026819923371646,2509,R2
banking77_open,0.5,0.14396551724137932,2509,R2
banking77_open,0.55,0.164576802507837,2509,R2
banking77_open,0.6,0.1839080459770115,2509,R2
banking77_open,0.65,0.20755968169761274,2509,R2
banking77_open,0.7,0.22783251231527094,2509,R2
banking77_open,0.75,0.25862068965517243,2509,R2
banking77_open,0.8,0.28771551724137934,2509,R2
banking77_open,0.85,0.3159229208924949,2509,R2
banking77_open,0.9,0.34339080459770116,2509,R2
banking77_open,0.95,0.37159709618874776,2509,R2
banking77_open,1.0,0.40086206896551724,2509,R2
banking77_open,0.05,0.008620689655172414,2509,MAX_THRESHOLD
banking77_open,0.1,0.017241379310344827,2509,MAX_THRESHOLD
banking77_open,0.15,0.028735632183908046,2509,MAX_THRESHOLD
banking77_open,0.2,0.03879310344827586,2509,MAX_THRESHOLD
banking77_open,0.25,0.05862068965517241,2509,MAX_THRESHOLD
banking77_open,0.3,0.07614942528735633,2509,MAX_THRESHOLD
banking77_open,0.35,0.10714285714285714,2509,MAX_THRESHOLD
banking77_open,0.4,0.11637931034482758,2509,MAX_THRESHOLD
banking77_open,0.45,0.13026819923371646,2509,MAX_THRESHOLD
banking77_open,0.5,0.14396551724137932,2509,MAX_THRESHOLD
banking77_open,0.55,0.164576802507837,2509,MAX_THRESHOLD
banking77_open,0.6,0.1839080459770115,2509,MAX_THRESHOLD
banking77_open,0.65,0.20755968169761274,2509,MAX_THRESHOLD
banking77_open,0.7,0.23399014778325122,2509,MAX_THRESHOLD
banking77_open,0.75,0.2850574712643678,2509,MAX_THRESHOLD
banking77_open,0.8,0.3297413793103448,2509,MAX_THRESHOLD
banking77_open,0.85,0.3691683569979716,2509,MAX_THRESHOLD
banking77_open,0.9,0.4042145593869732,2509,MAX_THRESHOLD
banking77_open,0.95,0.4355716878402904,2509,MAX_THRESHOLD
banking77_open,1.0,0.46379310344827585,2509,MAX_THRESHOLD
banking77_open,0.05,0.017241379310344827,2509,R3
banking77_open,0.1,0.021551724137931036,2509,R3
banking77_open,0.15,0.1810344827586207,2509,R3
banking77_open,0.2,0.3857758620689655,2509,R3
banking77_open,0.25,0.5086206896551724,2509,R3
banking77_open,0.3,0.5905172413793104,2509,R3
banking77_open,0.35,0.6490147783251231,2509,R3
banking77_open,0.4,0.6928879310344828,2509,R3
banking77_open,0.45,0.7270114942528736,2509,R3
banking77_open,0.5,0.7543103448275862,2509,R3
banking77_open,0.55,0.7766457680250783,2509,R3
banking77_open,0.6,0.7952586206896551,2509,R3
banking77_open,0.65,0.8110079575596817,2509,R3
banking77_open,0.7,0.8245073891625616,2509,R3
banking77_open,0.75,0.8362068965517241,2509,R3
banking77_open,0.8,0.8464439655172413,2509,R3
banking77_open,0.85,0.8554766734279919,2509,R3
banking77_open,0.9,0.8635057471264368,2509,R3
banking77_open,0.95,0.8706896551724138,2509,R3
banking77_open,1.0,0.8771551724137931,2509,R3
banking77_closed,0.05,0.0,2509,R0
banking77_closed,0.1,0.0,2509,R0
banking77_closed,0.15,0.0021645021645021645,2509,R0
banking77_closed,0.2,0.0016233766233766235,2509,R0
banking77_closed,0.25,0.003896103896103896,2509,R0
banking77_closed,0.3,0.004329004329004329,2509,R0
banking77_closed,0.35,0.006493506493506494,2509,R0
banking77_closed,0.4,0.00974025974025974,2509,R0
banking77_closed,0.45,0.008658008658008658,2509,R0
banking77_closed,0.5,0.01038961038961039,2509,R0
banking77_closed,0.55,0.01475796930342385,2509,R0
banking77_closed,0.6,0.016774891774891776,2509,R0
banking77_closed,0.65,0.02147852147852148,2509,R0
banking77_closed,0.7,0.025510204081632654,2509,R0
banking77_closed,0.75,0.03116883116883117,2509,R0
banking77_closed,0.8,0.04017857142857143,2509,R0
banking77_closed,0.85,0.05156608097784569,2509,R0
banking77_closed,0.9,0.06565656565656566,2509,R0
banking77_closed,0.95,0.08509911141490088,2509,R0
banking77_closed,1.0,0.11006493506493506,2509,R0
banking77_closed,0.05,0.006493506493506494,2509,R2
banking77_closed,0.1,0.01948051948051948,2509,R2
banking77_closed,0.15,0.023809523809523808,2509,R2
banking77_closed,0.2,0.02922077922077922,2509,R2
banking77_closed,0.25,0.032467532467532464,2509,R2
banking77_closed,0.3,0.04220779220779221,2509,R2
banking77_closed,0.35,0.04730983302411874,2509,R2
banking77_closed,0.4,0.05519480519480519,2509,R2
banking77_closed,0.45,0.05988455988455989,2509,R2
banking77_closed,0.5,0.07012987012987013,2509,R2
banking77_closed,0.55,0.07615112160566706,2509,R2
banking77_closed,0.6,0.08062770562770563,2509,R2
banking77_closed,0.65,0.08941058941058941,2509,R2
banking77_closed,0.7,0.0950834879406308,2509,R2
banking77_closed,0.75,0.10476190476190476,2509,R2
banking77_closed,0.8,0.10917207792207792,2509,R2
banking77_closed,0.85,0.11459129106187929,2509,R2
banking77_closed,0.9,0.12301587301587301,2509,R2
banking77_closed,0.95,0.1339712918660287,2509,R2
banking77_closed,1.0,0.1474025974025974,2509,R2
clinc150,0.05,0.01090909090909091,2510,R0
clinc150,0.1,0.04909090909090909,2510,R0
clinc150,0.15,0.06424242424242424,2510,R0
clinc150,0.2,0.10272727272727272,2510,R0
clinc150,0.25,0.1650909090909091,2510,R0
clinc150,0.3,0.24545454545454545,2510,R0
clinc150,0.35,0.3122077922077922,2510,R0
clinc150,0.4,0.3709090909090909,2510,R0
clinc150,0.45,0.42747474747474745,2510,R0
clinc150,0.5,0.47963636363636364,2510,R0
clinc150,0.55,0.5229752066115703,2510,R0
clinc150,0.6,0.5590909090909091,2510,R0
clinc150,0.65,0.591048951048951,2510,R0
clinc150,0.7,0.6194805194805195,2510,R0
clinc150,0.75,0.6441212121212121,2510,R0
clinc150,0.8,0.6656818181818182,2510,R0
clinc150,0.85,0.6847058823529412,2510,R0
clinc150,0.9,0.702020202020202,2510,R0
clinc150,0.95,0.717511961722488,2510,R0
clinc150,1.0,0.7314545454545455,2510,R0
clinc150,0.05,0.05454545454545454,2510,R2
clinc150,0.1,0.10181818181818182,2510,R2
clinc150,0.15,0.16484848484848486,2510,R2
clinc150,0.2,0.21,2510,R2
clinc150,0.25,0.2610909090909091,2510,R2
clinc150,0.3,0.3212121212121212,2510,R2
clinc150,0.35,0.3677922077922078,2510,R2
clinc150,0.4,0.4222727272727273,2510,R2
clinc150,0.45,0.46545454545454545,2510,R2
clinc150,0.5,0.5072727272727273,2510,R2
clinc150,0.55,0.5434710743801653,2510,R2
clinc150,0.6,0.573030303030303,2510,R2
clinc150,0.65,0.6013986013986014,2510,R2
clinc150,0.7,0.6277922077922078,2510,R2
clinc150,0.75,0.6516363636363637,2510,R2
clinc150,0.8,0.6720454545454545,2510,R2
clinc150,0.85,0.6913368983957219,2510,R2
clinc150,0.9,0.7082828282828283,2510,R2
clinc150,0.95,0.7236363636363636,2510,R2
clinc150,1.0,0.7374545454545455,2510,R2
clinc150,0.05,0.05454545454545454,2510,MAX_THRESHOLD
clinc150,0.1,0.10181818181818182,2510,MAX_THRESHOLD
clinc150,0.15,0.16484848484848486,2510,MAX_THRESHOLD
clinc150,0.2,0.21,2510,MAX_THRESHOLD
clinc150,0.25,0.2610909090909091,2510,MAX_THRESHOLD
clinc150,0.3,0.3212121212121212,2510,MAX_THRESHOLD
clinc150,0.35,0.3677922077922078,2510,MAX_THRESHOLD
clinc150,0.4,0.43636363636363634,2510,MAX_THRESHOLD
clinc150,0.45,0.498989898989899,2510,MAX_THRESHOLD
clinc150,0.5,0.5490909090909091,2510,MAX_THRESHOLD
clinc150,0.55,0.5900826446280992,2510,MAX_THRESHOLD
clinc150,0.6,0.6242424242424243,2510,MAX_THRESHOLD
clinc150,0.65,0.6531468531468532,2510,MAX_THRESHOLD
clinc150,0.7,0.6779220779220779,2510,MAX_THRESHOLD
clinc150,0.75,0.6993939393939393,2510,MAX_THRESHOLD
clinc150,0.8,0.7181818181818181,2510,MAX_THRESHOLD
clinc150,0.85,0.73475935828877,2510,MAX_THRESHOLD
clinc150,0.9,0.7494949494949495,2510,MAX_THRESHOLD
clinc150,0.95,0.7626794258373206,2510,MAX_THRESHOLD
clinc150,1.0,0.7745454545454545,2510,MAX_THRESHOLD
clinc150,0.05,0.07272727272727272,2510,R3
clinc150,0.1,0.4727272727272727,2510,R3
clinc150,0.15,0.6484848484848484,2510,R3
clinc150,0.2,0.7363636363636363,2510,R3
clinc150,0.25,0.7890909090909091,2510,R3
clinc150,0.3,0.8242424242424242,2510,R3
clinc150,0.35,0.8493506493506493,2510,R3
clinc150,0.4,0.8681818181818182,2510,R3
clinc150,0.45,0.8828282828282829,2510,R3
clinc150,0.5,0.8945454545454545,2510,R3
clinc150,0.55,0.9041322314049587,2510,R3
clinc150,0.6,0.9121212121212121,2510,R3
clinc150,0.65,0.9188811188811189,2510,R3
clinc150,0.7,0.9246753246753247,2510,R3
clinc150,0.75,0.9296969696969697,2510,R3
clinc150,0.8,0.9340909090909091,2510,R3
clinc150,0.85,0.9379679144385027,2510,R3
clinc150,0.9,0.9414141414141414,2510,R3
clinc150,0.95,0.9444976076555024,2510,R3
clinc150,1.0,0.9472727272727273,2510,R3
banking77_open,0.05,0.02586206896551724,2510,R0
banking77_open,0.1,0.05603448275862069,2510,R0
banking77_open,0.15,0.04885057471264368,2510,R0
banking77_open,0.2,0.05818965517241379,2510,R0
banking77_open,0.25,0.07586206896551724,2510,R0
banking77_open,0.3,0.07902298850574713,2510,R0
banking77_open,0.35,0.08497536945812807,2510,R0
banking77_open,0.4,0.09267241379310345,2510,R0
banking77_open,0.45,0.10153256704980843,2510,R0
banking77_open,0.5,0.10086206896551723,2510,R0
banking77_open,0.55,0.10815047021943573,2510,R0
banking77_open,0.6,0.1206896551724138,2510,R0
banking77_open,0.65,0.13726790450928383,2510,R0
banking77_open,0.7,0.16564039408866996,2510,R0
banking77_open,0.75,0.20229885057471264,2510,R0
banking77_open,0.8,0.2413793103448276,2510,R0
banking77_open,0.85,0.2783975659229209,2510,R0
banking77_open,0.9,0.3089080459770115,2510,R0
banking77_open,0.95,0.33802177858439203,2510,R0
banking77_open,1.0,0.3689655172413793,2510,R0
banking77_open,0.05,0.034482758620689655,2510,R2
banking77_open,0.1,0.021551724137931036,2510,R2
banking77_open,0.15,0.022988505747126436,2510,R2
banking77_open,0.2,0.040948275862068964,2510,R2
banking77_open,0.25,0.05862068965517241,2510,R2
banking77_open,0.3,0.07758620689655173,2510,R2
banking77_open,0.35,0.08497536945812807,2510,R2
banking77_open,0.4,0.10775862068965517,2510,R2
banking77_open,0.45,0.12547892720306514,2510,R2
banking77_open,0.5,0.14224137931034483,2510,R2
banking77_open,0.55,0.16614420062695925,2510,R2
banking77_open,0.6,0.1846264367816092,2510,R2
banking77_open,0.65,0.20888594164456234,2510,R2
banking77_open,0.7,0.24076354679802955,2510,R2
banking77_open,0.75,0.26091954022988506,2510,R2
banking77_open,0.8,0.28825431034482757,2510,R2
banking77_open,0.85,0.3184584178498986,2510,R2
banking77_open,0.9,0.34434865900383144,2510,R2
banking77_open,0.95,0.37568058076225047,2510,R2
banking77_open,1.0,0.40344827586206894,2510,R2
banking77_open,0.05,0.034482758620689655,2510,MAX_THRESHOLD
banking77_open,0.1,0.021551724137931036,2510,MAX_THRESHOLD
banking77_open,0.15,0.022988505747126436,2510,MAX_THRESHOLD
banking77_open,0.2,0.040948275862068964,2510,MAX_THRESHOLD
banking77_open,0.25,0.05862068965517241,2510,MAX_THRESHOLD
banking77_open,0.3,0.07758620689655173,2510,MAX_THRESHOLD
banking77_open,0.35,0.08497536945812807,2510,MAX_THRESHOLD
banking77_open,0.4,0.10775862068965517,2510,MAX_THRESHOLD
banking77_open,0.45,0.12547892720306514,2510,MAX_THRESHOLD
banking77_open,0.5,0.14224137931034483,2510,MAX_THRESHOLD
banking77_open,0.55,0.16614420062695925,2510,MAX_THRESHOLD
banking77_open,0.6,0.1846264367816092,2510,MAX_THRESHOLD
banking77_open,0.65,0.20888594164456234,2510,MAX_THRESHOLD
banking77_open,0.7,0.2524630541871921,2510,MAX_THRESHOLD
banking77_open,0.75,0.3022988505747126,2510,MAX_THRESHOLD
banking77_open,0.8,0.3459051724137931,2510,MAX_THRESHOLD
banking77_open,0.85,0.3843813387423935,2510,MAX_THRESHOLD
banking77_open,0.9,0.4185823754789272,2510,MAX_THRESHOLD
banking77_open,0.95,0.44918330308529947,2510,MAX_THRESHOLD
banking77_open,1.0,0.47672413793103446,2510,MAX_THRESHOLD
banking77_open,0.05,0.034482758620689655,2510,R3
banking77_open,0.1,0.021551724137931036,2510,R3
banking77_open,0.15,0.3017241379310345,2510,R3
banking77_open,0.2,0.47629310344827586,2510,R3
banking77_open,0.25,0.5810344827586207,2510,R3
banking77_open,0.3,0.6508620689655172,2510,R3
banking77_open,0.35,0.7007389162561576,2510,R3
banking77_open,0.4,0.7381465517241379,2510,R3
banking77_open,0.45,0.7672413793103449,2510,R3
banking77_open,0.5,0.7905172413793103,2510,R3
banking77_open,0.55,0.8095611285266457,2510,R3
banking77_open,0.6,0.8254310344827587,2510,R3
banking77_open,0.65,0.8388594164456233,2510,R3
banking77_open,0.7,0.8503694581280788,2510,R3
banking77_open,0.75,0.8603448275862069,2510,R3
banking77_open,0.8,0.869073275862069,2510,R3
banking77_open,0.85,0.8767748478701826,2510,R3
banking77_open,0.9,0.8836206896551724,2510,R3
banking77_open,0.95,0.8897459165154264,2510,R3
banking77_open,1.0,0.8952586206896552,2510,R3
banking77_closed,0.05,0.0,2510,R0
banking77_closed,0.1,0.0,2510,R0
banking77_closed,0.15,0.0021645021645021645,2510,R0
banking77_closed,0.2,0.0016233766233766235,2510,R0
banking77_closed,0.25,0.0012987012987012987,2510,R0
banking77_closed,0.3,0.003246753246753247,2510,R0
banking77_closed,0.35,0.0074211502782931356,2510,R0
banking77_closed,0.4,0.008928571428571428,2510,R0
banking77_closed,0.45,0.00937950937950938,2510,R0
banking77_closed,0.5,0.01038961038961039,2510,R0
banking77_closed,0.55,0.01357733175914994,2510,R0
banking77_closed,0.6,0.01461038961038961,2510,R0
banking77_closed,0.65,0.017982017982017984,2510,R0
banking77_closed,0.7,0.022727272727272728,2510,R0
banking77_closed,0.75,0.030735930735930735,2510,R0
banking77_closed,0.8,0.03977272727272727,2510,R0
banking77_closed,0.85,0.04965622612681436,2510,R0
banking77_closed,0.9,0.06024531024531025,2510,R0
banking77_closed,0.95,0.07894736842105263,2510,R0
banking77_closed,1.0,0.10681818181818181,2510,R0
banking77_closed,0.05,0.012987012987012988,2510,R2
banking77_closed,0.1,0.02922077922077922,2510,R2
banking77_closed,0.15,0.032467532467532464,2510,R2
banking77_closed,0.2,0.032467532467532464,2510,R2
banking77_closed,0.25,0.03896103896103896,2510,R2
banking77_closed,0.3,0.04004329004329004,2510,R2
banking77_closed,0.35,0.041743970315398886,2510,R2
banking77_closed,0.4,0.05357142857142857,2510,R2
banking77_closed,0.45,0.05555555555555555,2510,R2
banking77_closed,0.5,0.05714285714285714,2510,R2
banking77_closed,0.55,0.06257378984651712,2510,R2
banking77_closed,0.6,0.0670995670995671,2510,R2
banking77_closed,0.65,0.07642357642357642,2510,R2
banking77_closed,0.7,0.08487940630797773,2510,R2
banking77_closed,0.75,0.09134199134199134,2510,R2
banking77_closed,0.8,0.10064935064935066,2510,R2
banking77_closed,0.85,0.10695187165775401,2510,R2
banking77_closed,0.9,0.1176046176046176,2510,R2
banking77_closed,0.95,0.12747778537252222,2510,R2
banking77_closed,1.0,0.14025974025974025,2510,R2
