analysis_latency_mean_ms,case_count,certificate_size_mean_bytes,complete_claim_count,contract_ast_node_mean,contract_clause_mean,contract_literal_mean,contract_overapproximation_ratio,contract_size_mean_bytes,convergence_rate,discovered_omission_atom_count,drift_detection_recall,exact_patch_set_rate,exact_patch_type_set_rate,expected_omission_atom_count,expected_patch_atom_count,false_verified_complete_count,false_verified_complete_rate,field_binding_accuracy,forbidden_trace_acceptance_rate,guard_accuracy,guard_exact_match_rate,guard_precision,guard_recall,maximal_permissiveness_ratio,method,mutation_category,old_certificate_reuse_after_drift_count,omission_atom_discovery_recall,patch_atom_precision,patch_atom_recall,patch_type_precision,patch_type_recall,predicted_patch_atom_count,replay_query_count,replay_query_reduction,safe_utility,solver_call_count,state_update_binding_accuracy,synthesis_latency_mean_ms,true_positive_patch_atom_count,unknown_expected_precision,unknown_induced_rejection_count,unknown_rate,unlocated_patch_record_count,unseen_effect_precision,unseen_effect_recall,verification_latency_mean_ms
4098.99720825,12,423.3333333333333,8,37.666666666666664,3.6666666666666665,15.0,0.3928934010152284,3212.3333333333335,0.6666666666666666,12,1.0,0.0,0.0,12,12,0,0.0,0.9088449531737773,0.0,0.9840954274353877,0.6666666666666666,0.9756345177664975,0.9756345177664975,0.5197132616487455,AuthSynth-Symbolic,alias_redirect_effect,0,1.0,0.16666666666666666,1.0,0.3333333333333333,1.0,72,216,0.982421875,0.5197132616487455,228,0.9681637293916998,3920.0798925833333,12,0.0,4288,0.3333333333333333,0,0.6071065989847716,0.6071065989847716,166.7609045
970.1849911666667,12,423.3333333333333,8,25.666666666666668,4.0,7.333333333333333,0.6708260544047916,2440.0,0.6666666666666666,20,1.0,0.0,0.0,32,32,0,0.0,0.875677863213274,0.0,0.7735057672142608,0.6666666666666666,0.6166708260544048,0.7005954068613552,0.5319148936170213,AuthSynth-Symbolic,bounded_delayed_effect,0,0.625,0.29411764705882354,0.625,0.3333333333333333,1.0,68,108,0.9912109375,0.5319148936170213,120,0.6397072621504972,885.1384735833333,20,0.0,4224,0.3333333333333333,0,0.3291739455952084,0.3739722143464701,79.04289075
584.1222893333334,12,423.3333333333333,8,14.0,2.3333333333333335,4.666666666666667,0.6860409718913768,1520.0,0.6666666666666666,12,1.0,0.0,0.0,12,12,0,0.0,0.8678542510121457,0.0,0.7166284027550016,0.6666666666666666,0.5883754168651739,1.0,0.52,AuthSynth-Symbolic,conservative_control,0,1.0,0.25,1.0,0.3333333333333333,1.0,48,92,0.9925130208333334,0.52,104,0.721087160262418,519.912682,12,0.0,4608,0.3333333333333333,0,0.31395902810862314,0.5336032388663967,60.193606083333336
3.2737269166666665,12,317.6666666666667,6,20.333333333333332,2.6666666666666665,6.666666666666667,0.0,1917.6666666666667,0.5,0,1.0,1.0,1.0,0,6,0,0.0,1.0,0.0,1.0,1.0,1.0,1.0,0.5,AuthSynth-Symbolic,exact_declared_control,0,1.0,1.0,1.0,1.0,1.0,6,0,1.0,0.5,12,1.0,0.0,6,1.0,4800,0.5,0,1.0,1.0,2.8491471666666666
3822.7509635,12,423.3333333333333,8,35.666666666666664,3.6666666666666665,15.0,0.3367037411526795,3110.0,0.6666666666666666,12,1.0,0.0,0.0,12,12,0,0.0,0.9241450777202073,0.0,0.9841164791528789,0.6666666666666666,0.9757330637007078,0.9757330637007078,0.5102040816326531,AuthSynth-Symbolic,hidden_guarded_effect,0,1.0,0.16666666666666666,1.0,0.2727272727272727,1.0,72,200,0.9837239583333334,0.5102040816326531,212,0.9681998864281658,3658.840244666667,12,0.0,4608,0.3333333333333333,0,0.6632962588473206,0.6632962588473206,152.79998491666666
3821.9321955833334,12,423.3333333333333,8,35.666666666666664,3.6666666666666665,15.0,0.3367037411526795,3112.0,0.6666666666666666,24,1.0,0.0,0.0,24,24,0,0.0,0.9241450777202073,0.0,0.9841164791528789,0.6666666666666666,0.9757330637007078,0.9757330637007078,0.5303030303030303,AuthSynth-Symbolic,implementation_drift,0,1.0,0.2857142857142857,1.0,0.42857142857142855,1.0,84,200,0.9837239583333334,0.5303030303030303,224,0.9681998864281658,3657.6232460833335,24,0.0,3968,0.3333333333333333,0,0.6632962588473206,0.6632962588473206,152.51632916666668
929.1996971666666,12,423.3333333333333,8,27.666666666666668,4.0,8.0,0.6870229007633588,2607.3333333333335,0.6666666666666666,20,1.0,0.0,0.0,24,24,0,0.0,0.9080645161290323,0.0,0.7057471264367816,0.6666666666666666,0.4732824427480916,0.8051948051948052,0.5102040816326531,AuthSynth-Symbolic,multi_branch_effect,0,0.8333333333333334,0.25,0.8333333333333334,0.2727272727272727,1.0,80,108,0.9912109375,0.5102040816326531,120,0.7208255159474671,844.44015875,20,0.0,4608,0.3333333333333333,0,0.31297709923664124,0.5324675324675324,78.79194966666667
3818.837798416667,12,423.3333333333333,8,35.666666666666664,3.6666666666666665,15.0,0.3367037411526795,3110.0,0.6666666666666666,12,1.0,0.0,0.0,12,12,0,0.0,0.9241450777202073,0.0,0.9841164791528789,0.6666666666666666,0.9757330637007078,0.9757330637007078,0.5102040816326531,AuthSynth-Symbolic,parameter_role_alias,0,1.0,0.16666666666666666,1.0,0.3333333333333333,1.0,72,200,0.9837239583333334,0.5102040816326531,212,0.9681998864281658,3654.5456054166666,12,0.0,4608,0.3333333333333333,0,0.6632962588473206,0.6632962588473206,153.01531716666668
763.6877409166667,12,423.3333333333333,8,20.0,3.0,6.333333333333333,0.6050420168067226,1996.6666666666667,0.6666666666666666,24,1.0,0.0,0.0,32,32,0,0.0,0.8923482849604222,0.0,0.7793827971109653,0.6666666666666666,0.6369747899159663,0.7595190380761523,0.5303030303030303,AuthSynth-Symbolic,state_dependent_effect,0,0.75,0.46153846153846156,0.75,0.5555555555555556,0.8333333333333334,52,104,0.9915364583333334,0.5303030303030303,116,0.7208778840742825,689.1312045,24,0.0,3968,0.3333333333333333,0,0.3949579831932773,0.4709418837675351,69.81683233333334
3817.7444238333333,12,423.3333333333333,8,35.666666666666664,3.6666666666666665,15.0,0.3367037411526795,3112.0,0.6666666666666666,12,1.0,0.0,0.0,12,12,0,0.0,0.9241450777202073,0.0,0.9841164791528789,0.6666666666666666,0.9757330637007078,0.9757330637007078,0.5102040816326531,AuthSynth-Symbolic,threshold_effect,0,1.0,0.2,1.0,0.375,1.0,60,200,0.9837239583333334,0.5102040816326531,212,0.9681998864281658,3653.004621,12,0.0,4608,0.3333333333333333,0,0.6632962588473206,0.6632962588473206,153.42350525
4635.666579166666,12,211.66666666666666,4,45.0,3.6666666666666665,24.333333333333332,0.44148936170212766,3832.0,0.3333333333333333,12,1.0,0.0,0.0,12,12,0,0.0,0.8948936170212766,0.0,0.9840796019900497,0.6666666666666666,1.0,0.951417004048583,0.22580645161290322,CEGIS-No-Minimization,alias_redirect_effect,0,1.0,0.17647058823529413,1.0,0.3333333333333333,1.0,68,228,0.9814453125,0.22580645161290322,240,0.9681274900398407,4444.10680625,12,0.0,6912,0.6666666666666666,0,0.5585106382978723,0.5313765182186235,178.18889266666667
1935.7203453333334,12,211.66666666666666,4,34.0,4.0,15.666666666666666,0.7064105762035421,3084.6666666666665,0.3333333333333333,20,1.0,0.0,0.0,32,32,0,0.0,0.8641326324302466,0.0,0.7732085046810745,0.6666666666666666,0.6168620603641806,0.7007650892604137,0.23404255319148937,CEGIS-No-Minimization,bounded_delayed_effect,0,0.625,0.3125,0.625,0.3333333333333333,1.0,64,128,0.9895833333333334,0.23404255319148937,140,0.6390298928369994,1831.48479425,20,0.0,6912,0.6666666666666666,0,0.29358942379645797,0.3335222442618305,96.42268408333334
1549.3555483333334,12,423.3333333333333,8,19.666666666666668,2.3333333333333335,10.333333333333334,0.6863679694947569,1979.6666666666667,0.6666666666666666,12,1.0,0.0,0.0,12,12,0,0.0,0.8677471636952998,0.0,0.7159763313609467,0.6666666666666666,0.5881792183031459,1.0,0.52,CEGIS-No-Minimization,conservative_control,0,1.0,0.25,1.0,0.3333333333333333,1.0,48,120,0.990234375,0.52,132,0.7203533170456681,1460.6582645833332,12,0.0,4608,0.3333333333333333,0,0.3136320305052431,0.5332252836304701,82.79821991666667
3.2925108333333335,12,317.6666666666667,6,20.333333333333332,2.6666666666666665,6.666666666666667,0.0,1917.6666666666667,0.5,0,1.0,1.0,1.0,0,6,0,0.0,1.0,0.0,1.0,1.0,1.0,1.0,0.5,CEGIS-No-Minimization,exact_declared_control,0,1.0,1.0,1.0,1.0,1.0,6,0,1.0,0.5,12,1.0,0.0,6,1.0,4800,0.5,0,1.0,1.0,2.8509498333333334
4602.085530416667,12,211.66666666666666,4,44.0,3.6666666666666665,24.333333333333332,0.37898089171974525,3795.3333333333335,0.3333333333333333,12,1.0,0.0,0.0,12,12,0,0.0,0.9121019108280255,0.0,0.9840901557838913,0.6666666666666666,1.0,0.9515151515151515,0.22448979591836735,CEGIS-No-Minimization,hidden_guarded_effect,0,1.0,0.17647058823529413,1.0,0.2727272727272727,1.0,68,220,0.9820963541666666,0.22448979591836735,232,0.9681395789872937,4417.68513975,12,0.0,7296,0.6666666666666666,0,0.6210191082802548,0.5909090909090909,171.62215933333334
4605.565477666667,12,211.66666666666666,4,44.0,3.6666666666666665,24.333333333333332,0.37898089171974525,3797.3333333333335,0.3333333333333333,24,1.0,0.0,0.0,24,24,0,0.0,0.9121019108280255,0.0,0.9840901557838913,0.6666666666666666,1.0,0.9515151515151515,0.22727272727272727,CEGIS-No-Minimization,implementation_drift,0,1.0,0.3,1.0,0.42857142857142855,1.0,80,220,0.9820963541666666,0.22727272727272727,244,0.9681395789872937,4420.644992333333,24,0.0,6528,0.6666666666666666,0,0.6210191082802548,0.5909090909090909,171.70660608333333
2245.1654226666665,12,211.66666666666666,4,38.666666666666664,4.0,19.0,0.6908919301557338,3504.0,0.3333333333333333,20,1.0,0.0,0.0,24,24,0,0.0,0.9079717457114026,0.0,0.6996047430830039,0.3333333333333333,0.4676734308636149,0.8050365556458164,0.22448979591836735,CEGIS-No-Minimization,multi_branch_effect,0,0.8333333333333334,0.25,0.8333333333333334,0.2727272727272727,1.0,80,144,0.98828125,0.22448979591836735,156,0.7199849454271735,2121.3907298333334,20,0.0,7296,0.6666666666666666,0,0.30910806984426614,0.5320877335499594,114.420992
4601.116775333333,12,211.66666666666666,4,44.0,3.6666666666666665,24.333333333333332,0.37898089171974525,3795.3333333333335,0.3333333333333333,12,1.0,0.0,0.0,12,12,0,0.0,0.9121019108280255,0.0,0.9840901557838913,0.6666666666666666,1.0,0.9515151515151515,0.22448979591836735,CEGIS-No-Minimization,parameter_role_alias,0,1.0,0.17647058823529413,1.0,0.3333333333333333,1.0,68,220,0.9820963541666666,0.22448979591836735,232,0.9681395789872937,4416.564435916666,12,0.0,7296,0.6666666666666666,0,0.6210191082802548,0.5909090909090909,171.55509616666666
1657.7635458333334,12,211.66666666666666,4,27.333333333333332,3.0,13.666666666666666,0.6201680672268908,2582.0,0.3333333333333333,24,1.0,0.0,0.0,32,32,0,0.0,0.8875989445910291,0.0,0.7788746298124383,0.6666666666666666,0.6369747899159663,0.7595190380761523,0.22727272727272727,CEGIS-No-Minimization,state_dependent_effect,0,0.75,0.46153846153846156,0.75,0.5555555555555556,0.8333333333333334,52,132,0.9892578125,0.22727272727272727,144,0.7201955622414441,1557.7080279166667,24,0.0,6528,0.6666666666666666,0,0.3798319327731092,0.4529058116232465,93.5247855
4613.21974875,12,211.66666666666666,4,44.0,3.6666666666666665,24.333333333333332,0.37898089171974525,3797.3333333333335,0.3333333333333333,12,1.0,0.0,0.0,12,12,0,0.0,0.9121019108280255,0.0,0.9840901557838913,0.6666666666666666,1.0,0.9515151515151515,0.22448979591836735,CEGIS-No-Minimization,threshold_effect,0,1.0,0.21428571428571427,1.0,0.375,1.0,56,220,0.9820963541666666,0.22448979591836735,232,0.9681395789872937,4427.1018251666665,12,0.0,7296,0.6666666666666666,0,0.6210191082802548,0.5909090909090909,173.08653525
33.04432658333333,12,0.0,0,0.0,0.0,0.0,0.0,0.0,0.0,0,1.0,0.0,0.0,12,12,0,0.0,1.0,0.0,0.6718954248366014,0.0,1.0,0.0,0.004032258064516129,Coverage-Guided Replay Table,alias_redirect_effect,0,0.0,1.0,0.0,1.0,0.0,0,48,0.99609375,0.004032258064516129,0,0.7768857356235997,0.0,0,1.0,0,0.0,0,1.0,0.0,0.0
33.400955333333336,12,0.0,0,0.0,0.0,0.0,0.0,0.0,0.0,0,1.0,0.0,0.0,32,32,0,0.0,1.0,0.0,0.6919860627177701,0.0,1.0,0.0,0.003989361702127659,Coverage-Guided Replay Table,bounded_delayed_effect,0,0.0,1.0,0.0,1.0,0.0,0,48,0.99609375,0.003989361702127659,0,0.7238610903659447,0.0,0,1.0,0,0.0,0,1.0,0.0,0.0
33.09363141666667,12,0.0,0,0.0,0.0,0.0,0.0,0.0,0.0,0,1.0,0.0,0.0,12,12,0,0.0,1.0,0.0,0.5937908496732026,0.0,1.0,0.0,0.00375,Coverage-Guided Replay Table,conservative_control,0,0.0,1.0,0.0,1.0,0.0,0,48,0.99609375,0.00375,0,0.7768857356235997,0.0,0,1.0,0,0.0,0,1.0,0.0,0.0
33.131458333333335,12,0.0,0,0.0,0.0,0.0,0.0,0.0,0.0,0,1.0,0.5,0.5,0,6,0,0.0,1.0,0.0,0.5937908496732026,0.0,1.0,0.0,0.00375,Coverage-Guided Replay Table,exact_declared_control,0,1.0,1.0,0.0,1.0,0.0,0,48,0.99609375,0.00375,0,0.7768857356235997,0.0,0,1.0,0,0.0,0,1.0,0.0,0.0
33.202890583333335,12,0.0,0,0.0,0.0,0.0,0.0,0.0,0.0,0,1.0,0.0,0.0,12,12,0,0.0,1.0,0.0,0.6718954248366014,0.0,1.0,0.0,0.003826530612244898,Coverage-Guided Replay Table,hidden_guarded_effect,0,0.0,1.0,0.0,1.0,0.0,0,48,0.99609375,0.003826530612244898,0,0.7768857356235997,0.0,0,1.0,0,0.0,0,1.0,0.0,0.0
33.19288941666667,12,0.0,0,0.0,0.0,0.0,0.0,0.0,0.0,0,0.0,0.0,0.0,24,24,0,0.0,1.0,0.0,0.6718954248366014,0.0,1.0,0.0,0.004261363636363636,Coverage-Guided Replay Table,implementation_drift,0,0.0,1.0,0.0,1.0,0.0,0,48,0.99609375,0.004261363636363636,0,0.7768857356235997,0.0,0,1.0,0,0.0,0,1.0,0.0,0.0
33.097063,12,0.0,0,0.0,0.0,0.0,0.0,0.0,0.0,0,1.0,0.0,0.0,24,24,0,0.0,1.0,0.0,0.7291938997821351,0.0,1.0,0.0,0.003826530612244898,Coverage-Guided Replay Table,multi_branch_effect,0,0.0,1.0,0.0,1.0,0.0,0,48,0.99609375,0.003826530612244898,0,0.7768857356235997,0.0,0,1.0,0,0.0,0,1.0,0.0,0.0
33.10105525,12,0.0,0,0.0,0.0,0.0,0.0,0.0,0.0,0,1.0,0.0,0.0,12,12,0,0.0,1.0,0.0,0.6718954248366014,0.0,1.0,0.0,0.003826530612244898,Coverage-Guided Replay Table,parameter_role_alias,0,0.0,1.0,0.0,1.0,0.0,0,48,0.99609375,0.003826530612244898,0,0.7768857356235997,0.0,0,1.0,0,0.0,0,1.0,0.0,0.0
33.135210083333334,12,0.0,0,0.0,0.0,0.0,0.0,0.0,0.0,0,1.0,0.0,0.0,32,32,0,0.0,1.0,0.0,0.6718954248366014,0.0,1.0,0.0,0.004261363636363636,Coverage-Guided Replay Table,state_dependent_effect,0,0.0,1.0,0.0,1.0,0.0,0,48,0.99609375,0.004261363636363636,0,0.7768857356235997,0.0,0,1.0,0,0.0,0,1.0,0.0,0.0
35.5382045,12,0.0,0,0.0,0.0,0.0,0.0,0.0,0.0,0,1.0,0.0,0.0,12,12,0,0.0,1.0,0.0,0.6718954248366014,0.0,1.0,0.0,0.003826530612244898,Coverage-Guided Replay Table,threshold_effect,0,0.0,1.0,0.0,1.0,0.0,0,48,0.99609375,0.003826530612244898,0,0.7768857356235997,0.0,0,1.0,0,0.0,0,1.0,0.0,0.0
0.0017803333333333334,12,0.0,0,31.666666666666668,3.6666666666666665,10.0,0.25396825396825395,2747.3333333333335,0.0,0,1.0,0.0,0.0,12,12,0,0.0,0.9492063492063492,0.14285714285714285,1.0,1.0,1.0,1.0,1.0,Declared-Contract Monitor,alias_redirect_effect,0,0.0,1.0,0.0,1.0,0.0,0,0,1.0,1.0,0,1.0,0.0,0,0.0,0,1.0,0,0.746031746031746,0.746031746031746,0.0
0.00147125,12,0.0,0,13.333333333333334,2.3333333333333335,3.3333333333333335,0.0,1393.0,0.0,0,1.0,0.0,0.0,32,32,0,0.0,1.0,0.6470588235294118,0.7416666666666667,0.0,1.0,0.16216216216216217,1.0,Declared-Contract Monitor,bounded_delayed_effect,0,0.0,1.0,0.0,1.0,0.0,0,0,1.0,1.0,0,1.0,0.0,0,0.0,0,1.0,0,1.0,0.16216216216216217,0.0
0.0019640833333333333,12,0.0,0,30.666666666666668,3.6666666666666665,9.0,0.5,2676.6666666666665,0.0,0,1.0,0.0,0.0,12,12,0,0.0,1.0,0.0,0.796875,0.0,0.5,1.0,0.76,Declared-Contract Monitor,conservative_control,0,0.0,1.0,0.0,1.0,0.0,0,0,1.0,0.76,0,1.0,0.0,0,0.0,2304,1.0,0,0.5,1.0,0.0
0.0016105,12,0.0,0,20.333333333333332,2.6666666666666665,6.666666666666667,0.0,1917.6666666666667,0.0,0,1.0,0.5,0.5,0,6,0,0.0,1.0,0.0,1.0,1.0,1.0,1.0,1.0,Declared-Contract Monitor,exact_declared_control,0,1.0,1.0,0.0,1.0,0.0,0,0,1.0,1.0,0,1.0,0.0,0,0.5,0,1.0,0,1.0,1.0,0.0
0.0015876666666666667,12,0.0,0,20.333333333333332,2.6666666666666665,6.666666666666667,0.0,1917.6666666666667,0.0,0,1.0,0.0,0.0,12,12,0,0.0,1.0,0.06666666666666667,0.875,0.0,1.0,0.6190476190476191,1.0,Declared-Contract Monitor,hidden_guarded_effect,0,0.0,1.0,0.0,1.0,0.0,0,0,1.0,1.0,0,1.0,0.0,0,0.0,0,1.0,0,1.0,0.6190476190476191,0.0
0.0018775833333333333,12,0.0,0,20.333333333333332,2.6666666666666665,6.666666666666667,0.0,1917.6666666666667,0.0,0,0.0,0.0,0.0,24,24,0,0.0,1.0,0.3,0.875,0.0,1.0,0.6190476190476191,1.0,Declared-Contract Monitor,implementation_drift,0,0.0,1.0,0.0,1.0,0.0,0,0,1.0,1.0,0,1.0,0.0,0,0.0,0,1.0,0,1.0,0.6190476190476191,0.0
0.001501,12,0.0,0,20.333333333333332,2.6666666666666665,6.666666666666667,0.0,1917.6666666666667,0.0,0,1.0,0.0,0.0,24,24,0,0.0,1.0,0.06666666666666667,0.8645833333333334,0.0,1.0,0.5,1.0,Declared-Contract Monitor,multi_branch_effect,0,0.0,1.0,0.0,1.0,0.0,0,0,1.0,1.0,0,1.0,0.0,0,0.0,0,1.0,0,1.0,0.5,0.0
0.00149275,12,0.0,0,31.666666666666668,3.6666666666666665,10.0,0.25396825396825395,2747.3333333333335,0.0,0,1.0,0.0,0.0,12,12,0,0.0,0.9492063492063492,0.0,1.0,1.0,1.0,1.0,1.0,Declared-Contract Monitor,parameter_role_alias,0,0.0,1.0,0.0,1.0,0.0,0,0,1.0,1.0,0,1.0,0.0,0,0.0,0,1.0,0,0.746031746031746,0.746031746031746,0.0
0.0014391666666666667,12,0.0,0,10.333333333333334,1.0,2.3333333333333335,0.0,1184.0,0.0,0,1.0,0.0,0.0,32,32,0,0.0,1.0,0.3,0.875,0.0,1.0,0.6190476190476191,1.0,Declared-Contract Monitor,state_dependent_effect,0,0.0,1.0,0.0,1.0,0.0,0,0,1.0,1.0,0,0.7767857142857143,0.0,0,0.0,0,1.0,0,1.0,0.6190476190476191,0.0
0.0014594166666666666,12,0.0,0,33.0,3.6666666666666665,11.333333333333334,0.0,2877.0,0.0,0,1.0,0.0,0.0,12,12,0,0.0,1.0,0.0,0.9375,0.0,1.0,0.8095238095238095,1.0,Declared-Contract Monitor,threshold_effect,0,0.0,1.0,0.0,1.0,0.0,0,0,1.0,1.0,0,1.0,0.0,0,0.0,0,1.0,0,1.0,0.8095238095238095,0.0
0.0011778333333333332,12,0.0,0,0.0,0.0,0.0,0.0,0.0,0.0,0,1.0,0.0,0.0,12,12,0,0.0,1.0,0.0,0.671875,0.0,1.0,0.0,0.0,DenyAll,alias_redirect_effect,0,0.0,1.0,0.0,1.0,0.0,0,0,1.0,0.0,0,0.7767857142857143,0.0,0,0.0,8928,1.0,0,1.0,0.0,0.0
0.0012130833333333334,12,0.0,0,0.0,0.0,0.0,0.0,0.0,0.0,0,1.0,0.0,0.0,32,32,0,0.0,1.0,0.0,0.6916666666666667,0.0,1.0,0.0,0.0,DenyAll,bounded_delayed_effect,0,0.0,1.0,0.0,1.0,0.0,0,0,1.0,0.0,0,0.7232142857142857,0.0,0,0.0,9024,1.0,0,1.0,0.0,0.0
0.001147,12,0.0,0,0.0,0.0,0.0,0.0,0.0,0.0,0,1.0,0.0,0.0,12,12,0,0.0,1.0,0.0,0.59375,0.0,1.0,0.0,0.0,DenyAll,conservative_control,0,0.0,1.0,0.0,1.0,0.0,0,0,1.0,0.0,0,0.7767857142857143,0.0,0,0.0,9600,1.0,0,1.0,0.0,0.0
0.0012085833333333334,12,0.0,0,0.0,0.0,0.0,0.0,0.0,0.0,0,1.0,0.5,0.5,0,6,0,0.0,1.0,0.0,0.59375,0.0,1.0,0.0,0.0,DenyAll,exact_declared_control,0,1.0,1.0,0.0,1.0,0.0,0,0,1.0,0.0,0,0.7767857142857143,0.0,0,0.5,9600,1.0,0,1.0,0.0,0.0
0.0012588333333333334,12,0.0,0,0.0,0.0,0.0,0.0,0.0,0.0,0,1.0,0.0,0.0,12,12,0,0.0,1.0,0.0,0.671875,0.0,1.0,0.0,0.0,DenyAll,hidden_guarded_effect,0,0.0,1.0,0.0,1.0,0.0,0,0,1.0,0.0,0,0.7767857142857143,0.0,0,0.0,9408,1.0,0,1.0,0.0,0.0
0.00124675,12,0.0,0,0.0,0.0,0.0,0.0,0.0,0.0,0,0.0,0.0,0.0,24,24,0,0.0,1.0,0.0,0.671875,0.0,1.0,0.0,0.0,DenyAll,implementation_drift,0,0.0,1.0,0.0,1.0,0.0,0,0,1.0,0.0,0,0.7767857142857143,0.0,0,0.0,8448,1.0,0,1.0,0.0,0.0
0.0012408333333333334,12,0.0,0,0.0,0.0,0.0,0.0,0.0,0.0,0,1.0,0.0,0.0,24,24,0,0.0,1.0,0.0,0.7291666666666666,0.0,1.0,0.0,0.0,DenyAll,multi_branch_effect,0,0.0,1.0,0.0,1.0,0.0,0,0,1.0,0.0,0,0.7767857142857143,0.0,0,0.0,9408,1.0,0,1.0,0.0,0.0
0.0012,12,0.0,0,0.0,0.0,0.0,0.0,0.0,0.0,0,1.0,0.0,0.0,12,12,0,0.0,1.0,0.0,0.671875,0.0,1.0,0.0,0.0,DenyAll,parameter_role_alias,0,0.0,1.0,0.0,1.0,0.0,0,0,1.0,0.0,0,0.7767857142857143,0.0,0,0.0,9408,1.0,0,1.0,0.0,0.0
0.00109075,12,0.0,0,0.0,0.0,0.0,0.0,0.0,0.0,0,1.0,0.0,0.0,32,32,0,0.0,1.0,0.0,0.671875,0.0,1.0,0.0,0.0,DenyAll,state_dependent_effect,0,0.0,1.0,0.0,1.0,0.0,0,0,1.0,0.0,0,0.7767857142857143,0.0,0,0.0,8448,1.0,0,1.0,0.0,0.0
0.0011995,12,0.0,0,0.0,0.0,0.0,0.0,0.0,0.0,0,1.0,0.0,0.0,12,12,0,0.0,1.0,0.0,0.671875,0.0,1.0,0.0,0.0,DenyAll,threshold_effect,0,0.0,1.0,0.0,1.0,0.0,0,0,1.0,0.0,0,0.7767857142857143,0.0,0,0.0,9408,1.0,0,1.0,0.0,0.0
0.00260175,12,0.0,12,34.666666666666664,3.6666666666666665,10.0,0.0,2944.3333333333335,1.0,0,1.0,0.0,0.0,12,12,0,0.0,1.0,0.0,1.0,1.0,1.0,1.0,1.0,Gold Symbolic Contract,alias_redirect_effect,0,0.0,1.0,0.0,1.0,0.0,0,0,1.0,1.0,0,1.0,0.0,0,1.0,0,0.0,0,1.0,1.0,0.0
0.00258425,12,0.0,12,44.666666666666664,5.0,9.333333333333334,0.0,3673.0,1.0,0,1.0,0.0,0.0,32,32,0,0.0,1.0,0.0,1.0,1.0,1.0,1.0,1.0,Gold Symbolic Contract,bounded_delayed_effect,0,0.0,1.0,0.0,1.0,0.0,0,0,1.0,1.0,0,1.0,0.0,0,1.0,0,0.0,0,1.0,1.0,0.0
0.0024415833333333334,12,0.0,12,20.333333333333332,2.6666666666666665,6.666666666666667,0.0,1917.6666666666667,1.0,0,1.0,0.0,0.0,12,12,0,0.0,1.0,0.0,1.0,1.0,1.0,1.0,1.0,Gold Symbolic Contract,conservative_control,0,0.0,1.0,0.0,1.0,0.0,0,0,1.0,1.0,0,1.0,0.0,0,1.0,0,0.0,0,1.0,1.0,0.0
0.0047085,12,0.0,12,20.333333333333332,2.6666666666666665,6.666666666666667,0.0,1917.6666666666667,1.0,0,1.0,0.5,0.5,0,6,0,0.0,1.0,0.0,1.0,1.0,1.0,1.0,1.0,Gold Symbolic Contract,exact_declared_control,0,1.0,1.0,0.0,1.0,0.0,0,0,1.0,1.0,0,1.0,0.0,0,1.0,0,0.0,0,1.0,1.0,0.0
0.00272875,12,0.0,12,31.666666666666668,3.6666666666666665,10.0,0.0,2776.3333333333335,1.0,0,1.0,0.0,0.0,12,12,0,0.0,1.0,0.0,1.0,1.0,1.0,1.0,1.0,Gold Symbolic Contract,hidden_guarded_effect,0,0.0,1.0,0.0,1.0,0.0,0,0,1.0,1.0,0,1.0,0.0,0,1.0,0,0.0,0,1.0,1.0,0.0
0.00527525,12,0.0,12,31.666666666666668,3.6666666666666665,10.0,0.0,2778.3333333333335,1.0,0,0.0,0.0,0.0,24,24,0,0.0,1.0,0.0,1.0,1.0,1.0,1.0,1.0,Gold Symbolic Contract,implementation_drift,0,0.0,1.0,0.0,1.0,0.0,0,0,1.0,1.0,0,1.0,0.0,0,1.0,0,0.0,0,1.0,1.0,0.0
0.00270525,12,0.0,12,43.333333333333336,4.666666666666667,13.666666666666666,0.0,3667.6666666666665,1.0,0,1.0,0.0,0.0,24,24,0,0.0,1.0,0.0,1.0,1.0,1.0,1.0,1.0,Gold Symbolic Contract,multi_branch_effect,0,0.0,1.0,0.0,1.0,0.0,0,0,1.0,1.0,0,1.0,0.0,0,1.0,0,0.0,0,1.0,1.0,0.0
0.0027791666666666668,12,0.0,12,31.666666666666668,3.6666666666666665,10.0,0.0,2776.3333333333335,1.0,0,1.0,0.0,0.0,12,12,0,0.0,1.0,0.0,1.0,1.0,1.0,1.0,1.0,Gold Symbolic Contract,parameter_role_alias,0,0.0,1.0,0.0,1.0,0.0,0,0,1.0,1.0,0,1.0,0.0,0,1.0,0,0.0,0,1.0,1.0,0.0
0.0027338333333333333,12,0.0,12,31.666666666666668,3.6666666666666665,10.0,0.0,2779.3333333333335,1.0,0,1.0,0.0,0.0,32,32,0,0.0,1.0,0.0,1.0,1.0,1.0,1.0,1.0,Gold Symbolic Contract,state_dependent_effect,0,0.0,1.0,0.0,1.0,0.0,0,0,1.0,1.0,0,1.0,0.0,0,1.0,0,0.0,0,1.0,1.0,0.0
0.00249175,12,0.0,12,31.666666666666668,3.6666666666666665,10.0,0.0,2778.3333333333335,1.0,0,1.0,0.0,0.0,12,12,0,0.0,1.0,0.0,1.0,1.0,1.0,1.0,1.0,Gold Symbolic Contract,threshold_effect,0,0.0,1.0,0.0,1.0,0.0,0,0,1.0,1.0,0,1.0,0.0,0,1.0,0,0.0,0,1.0,1.0,0.0
49.60808016666667,12,0.0,0,16.0,3.0,2.0,0.8003802281368821,1714.6666666666667,0.0,0,1.0,0.0,0.0,12,12,0,0.0,0.8762295081967213,0.5857142857142857,0.6470588235294118,0.0,0.46387832699619774,0.4860557768924303,0.8763440860215054,Passive Symbolic Learner,alias_redirect_effect,0,0.0,1.0,0.0,1.0,0.0,0,48,0.99609375,0.8763440860215054,0,0.6773711725168036,0.0,0,0.0,1104,1.0,0,0.19961977186311788,0.20916334661354583,0.0
64.54252516666666,12,0.0,0,26.333333333333332,4.666666666666667,3.3333333333333335,0.7918250950570342,2523.3333333333335,0.0,0,1.0,0.0,0.0,32,32,0,0.0,0.8972350230414746,0.3235294117647059,0.6278745644599303,0.0,0.41254752851711024,0.49095022624434387,0.8404255319148937,Passive Symbolic Learner,bounded_delayed_effect,0,0.0,1.0,0.0,1.0,0.0,0,48,0.99609375,0.8404255319148937,0,0.5832710978342046,0.0,0,0.0,1440,1.0,0,0.20817490494296578,0.24773755656108598,0.0
48.33138775,12,0.0,0,10.0,2.0,1.0,0.7846556233653008,1195.0,0.0,0,1.0,0.0,0.0,12,12,0,0.0,0.8693623639191291,0.5714285714285714,0.6392156862745098,0.3333333333333333,0.5605928509154315,0.5172968624296058,0.88,Passive Symbolic Learner,conservative_control,0,0.0,1.0,0.0,1.0,0.0,0,48,0.99609375,0.88,0,0.6773711725168036,0.0,0,0.0,1152,1.0,0,0.2153443766346992,0.19871279163314562,0.0
48.49311183333333,12,0.0,0,10.0,2.0,1.0,0.7846556233653008,1195.0,0.0,0,1.0,0.5,0.5,0,6,0,0.0,0.8693623639191291,0.5714285714285714,0.6392156862745098,0.3333333333333333,0.5605928509154315,0.5172968624296058,0.88,Passive Symbolic Learner,exact_declared_control,0,1.0,1.0,0.0,1.0,0.0,0,48,0.99609375,0.88,0,0.6773711725168036,0.0,0,0.5,1152,1.0,0,0.2153443766346992,0.19871279163314562,0.0
51.95374733333333,12,0.0,0,16.0,3.0,2.0,0.7585551330798479,1714.6666666666667,0.0,0,1.0,0.0,0.0,12,12,0,0.0,0.8991803278688525,0.5166666666666667,0.6470588235294118,0.0,0.46387832699619774,0.4860557768924303,0.8826530612244898,Passive Symbolic Learner,hidden_guarded_effect,0,0.0,1.0,0.0,1.0,0.0,0,48,0.99609375,0.8826530612244898,0,0.6773711725168036,0.0,0,0.0,1104,1.0,0,0.2414448669201521,0.25298804780876494,0.0
49.67169391666667,12,0.0,0,16.0,3.0,2.0,0.7585551330798479,1716.6666666666667,0.0,0,0.0,0.0,0.0,24,24,0,0.0,0.8991803278688525,0.4875,0.6470588235294118,0.0,0.46387832699619774,0.4860557768924303,0.7102272727272727,Passive Symbolic Learner,implementation_drift,0,0.0,1.0,0.0,1.0,0.0,0,48,0.99609375,0.7102272727272727,0,0.6773711725168036,0.0,0,0.0,2448,1.0,0,0.2414448669201521,0.25298804780876494,0.0
52.53918225,12,0.0,0,18.0,3.3333333333333335,2.3333333333333335,0.7771520514883347,1889.0,0.0,0,1.0,0.0,0.0,24,24,0,0.0,0.8990654205607477,0.5,0.6915032679738562,0.0,0.43041029766693484,0.43041029766693484,0.8673469387755102,Passive Symbolic Learner,multi_branch_effect,0,0.0,1.0,0.0,1.0,0.0,0,48,0.99609375,0.8673469387755102,0,0.6773711725168036,0.0,0,0.0,1248,1.0,0,0.22284794851166534,0.22284794851166534,0.0
50.062214833333336,12,0.0,0,16.0,3.0,2.0,0.7585551330798479,1714.6666666666667,0.0,0,1.0,0.0,0.0,12,12,0,0.0,0.8991803278688525,0.5166666666666667,0.6470588235294118,0.0,0.46387832699619774,0.4860557768924303,0.8826530612244898,Passive Symbolic Learner,parameter_role_alias,0,0.0,1.0,0.0,1.0,0.0,0,48,0.99609375,0.8826530612244898,0,0.6773711725168036,0.0,0,0.0,1104,1.0,0,0.2414448669201521,0.25298804780876494,0.0
49.839631,12,0.0,0,16.0,3.0,2.0,0.7585551330798479,1717.6666666666667,0.0,0,1.0,0.0,0.0,32,32,0,0.0,0.8991803278688525,0.4875,0.6470588235294118,0.0,0.46387832699619774,0.4860557768924303,0.7102272727272727,Passive Symbolic Learner,state_dependent_effect,0,0.0,1.0,0.0,1.0,0.0,0,48,0.99609375,0.7102272727272727,0,0.6773711725168036,0.0,0,0.0,2448,1.0,0,0.2414448669201521,0.25298804780876494,0.0
49.530842416666665,12,0.0,0,16.0,3.0,2.0,0.7585551330798479,1716.6666666666667,0.0,0,1.0,0.0,0.0,12,12,0,0.0,0.8991803278688525,0.5166666666666667,0.6470588235294118,0.0,0.46387832699619774,0.4860557768924303,0.8826530612244898,Passive Symbolic Learner,threshold_effect,0,0.0,1.0,0.0,1.0,0.0,0,48,0.99609375,0.8826530612244898,0,0.6773711725168036,0.0,0,0.0,1104,1.0,0,0.2414448669201521,0.25298804780876494,0.0
14.254161333333334,12,0.0,0,0.0,0.0,0.0,0.0,0.0,0.0,0,1.0,0.0,0.0,12,12,0,0.0,1.0,0.0,0.6711666666666667,0.0,1.0,0.0,0.023521505376344086,Random Replay Table,alias_redirect_effect,0,0.0,1.0,0.0,1.0,0.0,0,288,0.9765625,0.023521505376344086,0,0.7769691780821918,0.0,0,1.0,0,0.0,0,1.0,0.0,0.0
14.74251925,12,0.0,0,0.0,0.0,0.0,0.0,0.0,0.0,0,1.0,0.0,0.0,32,32,0,0.0,1.0,0.0,0.6910460992907801,0.0,1.0,0.0,0.023936170212765957,Random Replay Table,bounded_delayed_effect,0,0.0,1.0,0.0,1.0,0.0,0,288,0.9765625,0.023936170212765957,0,0.7221746575342466,0.0,0,1.0,0,0.0,0,1.0,0.0,0.0
14.186558583333333,12,0.0,0,0.0,0.0,0.0,0.0,0.0,0.0,0,1.0,0.0,0.0,12,12,0,0.0,1.0,0.0,0.5929166666666666,0.0,1.0,0.0,0.02375,Random Replay Table,conservative_control,0,0.0,1.0,0.0,1.0,0.0,0,288,0.9765625,0.02375,0,0.7765886605783866,0.0,0,1.0,0,0.0,0,1.0,0.0,0.0
16.58155375,12,0.0,0,0.0,0.0,0.0,0.0,0.0,0.0,0,1.0,0.5,0.5,0,6,0,0.0,1.0,0.0,0.5931666666666666,0.0,1.0,0.0,0.023854166666666666,Random Replay Table,exact_declared_control,0,1.0,1.0,0.0,1.0,0.0,0,288,0.9765625,0.023854166666666666,0,0.7766837899543378,0.0,0,1.0,0,0.0,0,1.0,0.0,0.0
16.694966583333333,12,0.0,0,0.0,0.0,0.0,0.0,0.0,0.0,0,1.0,0.0,0.0,12,12,0,0.0,1.0,0.0,0.670875,0.0,1.0,0.0,0.024022108843537414,Random Replay Table,hidden_guarded_effect,0,0.0,1.0,0.0,1.0,0.0,0,288,0.9765625,0.024022108843537414,0,0.7764459665144596,0.0,0,1.0,0,0.0,0,1.0,0.0,0.0
14.320884666666666,12,0.0,0,0.0,0.0,0.0,0.0,0.0,0.0,0,0.0,0.0,0.0,24,24,0,0.0,1.0,0.0,0.671125,0.0,1.0,0.0,0.024502840909090908,Random Replay Table,implementation_drift,0,0.0,1.0,0.0,1.0,0.0,0,288,0.9765625,0.024502840909090908,0,0.7768264840182648,0.0,0,1.0,0,0.0,0,1.0,0.0,0.0
14.301645333333333,12,0.0,0,0.0,0.0,0.0,0.0,0.0,0.0,0,1.0,0.0,0.0,24,24,0,0.0,1.0,0.0,0.7287777777777777,0.0,1.0,0.0,0.0233843537414966,Random Replay Table,multi_branch_effect,0,0.0,1.0,0.0,1.0,0.0,0,288,0.9765625,0.0233843537414966,0,0.7770167427701674,0.0,0,1.0,0,0.0,0,1.0,0.0,0.0
14.306471833333333,12,0.0,0,0.0,0.0,0.0,0.0,0.0,0.0,0,1.0,0.0,0.0,12,12,0,0.0,1.0,0.0,0.6725416666666667,0.0,1.0,0.0,0.023809523809523808,Random Replay Table,parameter_role_alias,0,0.0,1.0,0.0,1.0,0.0,0,288,0.9765625,0.023809523809523808,0,0.7772545662100456,0.0,0,1.0,0,0.0,0,1.0,0.0,0.0
16.517609166666666,12,0.0,0,0.0,0.0,0.0,0.0,0.0,0.0,0,1.0,0.0,0.0,32,32,0,0.0,1.0,0.0,0.67125,0.0,1.0,0.0,0.024502840909090908,Random Replay Table,state_dependent_effect,0,0.0,1.0,0.0,1.0,0.0,0,288,0.9765625,0.024502840909090908,0,0.7768740487062404,0.0,0,1.0,0,0.0,0,1.0,0.0,0.0
14.279091416666667,12,0.0,0,0.0,0.0,0.0,0.0,0.0,0.0,0,1.0,0.0,0.0,12,12,0,0.0,1.0,0.0,0.6713333333333333,0.0,1.0,0.0,0.023596938775510203,Random Replay Table,threshold_effect,0,0.0,1.0,0.0,1.0,0.0,0,288,0.9765625,0.023596938775510203,0,0.776398401826484,0.0,0,1.0,0,0.0,0,1.0,0.0,0.0
