row_id,split,phrase_family,phrase,frame,entity,proposed_label,sample_type,reviewer_1_label,reviewer_2_label,reviewer_1_type,reviewer_2_type,adjudicated_label,adjudicated_type,ambiguous_flag,unrelated_flag,notes,review_status
public_calibration_v2:registry_id:calibration_v2_registry_credential_enrollment:public_calibration_v2-frame-0:public_calibration_v2-entity-0,public_calibration_v2,calibration_v2_registry_credential_enrollment,credential recorded by a charter bureau for legal enrollment,"For calibration subject garnet calibration folio, determine which relation the wording 'credential recorded by a charter bureau for legal enrollment' supports.",garnet calibration folio,registry_id,known,,,,,,,false,false,,pending
public_calibration_v2:registry_id:calibration_v2_registry_credential_enrollment:public_calibration_v2-frame-1:public_calibration_v2-entity-1,public_calibration_v2,calibration_v2_registry_credential_enrollment,credential recorded by a charter bureau for legal enrollment,Route the answer-free field of harbor evaluation card whose semantic cue is: credential recorded by a charter bureau for legal enrollment.,harbor evaluation card,registry_id,known,,,,,,,false,false,,pending
public_calibration_v2:registry_id:calibration_v2_registry_credential_enrollment:public_calibration_v2-frame-2:public_calibration_v2-entity-2,public_calibration_v2,calibration_v2_registry_credential_enrollment,credential recorded by a charter bureau for legal enrollment,"Within the public schema belonging to indigo public sheet, classify this descriptor: credential recorded by a charter bureau for legal enrollment.",indigo public sheet,registry_id,known,,,,,,,false,false,,pending
public_calibration_v2:registry_id:calibration_v2_registry_credential_enrollment:public_calibration_v2-frame-3:public_calibration_v2-entity-3,public_calibration_v2,calibration_v2_registry_credential_enrollment,credential recorded by a charter bureau for legal enrollment,Assess the intended field category for jasper calibration subject; the request says credential recorded by a charter bureau for legal enrollment.,jasper calibration subject,registry_id,known,,,,,,,false,false,,pending
public_calibration_v2:registry_id:calibration_v2_registry_reference_custody:public_calibration_v2-frame-0:public_calibration_v2-entity-1,public_calibration_v2,calibration_v2_registry_reference_custody,reference minted when a civil dossier enters archival custody,"For calibration subject harbor evaluation card, determine which relation the wording 'reference minted when a civil dossier enters archival custody' supports.",harbor evaluation card,registry_id,known,,,,,,,false,false,,pending
public_calibration_v2:registry_id:calibration_v2_registry_reference_custody:public_calibration_v2-frame-1:public_calibration_v2-entity-2,public_calibration_v2,calibration_v2_registry_reference_custody,reference minted when a civil dossier enters archival custody,Route the answer-free field of indigo public sheet whose semantic cue is: reference minted when a civil dossier enters archival custody.,indigo public sheet,registry_id,known,,,,,,,false,false,,pending
public_calibration_v2:registry_id:calibration_v2_registry_reference_custody:public_calibration_v2-frame-2:public_calibration_v2-entity-3,public_calibration_v2,calibration_v2_registry_reference_custody,reference minted when a civil dossier enters archival custody,"Within the public schema belonging to jasper calibration subject, classify this descriptor: reference minted when a civil dossier enters archival custody.",jasper calibration subject,registry_id,known,,,,,,,false,false,,pending
public_calibration_v2:registry_id:calibration_v2_registry_reference_custody:public_calibration_v2-frame-3:public_calibration_v2-entity-0,public_calibration_v2,calibration_v2_registry_reference_custody,reference minted when a civil dossier enters archival custody,Assess the intended field category for garnet calibration folio; the request says reference minted when a civil dossier enters archival custody.,garnet calibration folio,registry_id,known,,,,,,,false,false,,pending
public_calibration_v2:registry_id:calibration_v2_registry_identifier_probate:public_calibration_v2-frame-0:public_calibration_v2-entity-2,public_calibration_v2,calibration_v2_registry_identifier_probate,identifier allocated after a probate clerk accepts the filing,"For calibration subject indigo public sheet, determine which relation the wording 'identifier allocated after a probate clerk accepts the filing' supports.",indigo public sheet,registry_id,known,,,,,,,false,false,,pending
public_calibration_v2:registry_id:calibration_v2_registry_identifier_probate:public_calibration_v2-frame-1:public_calibration_v2-entity-3,public_calibration_v2,calibration_v2_registry_identifier_probate,identifier allocated after a probate clerk accepts the filing,Route the answer-free field of jasper calibration subject whose semantic cue is: identifier allocated after a probate clerk accepts the filing.,jasper calibration subject,registry_id,known,,,,,,,false,false,,pending
public_calibration_v2:registry_id:calibration_v2_registry_identifier_probate:public_calibration_v2-frame-2:public_calibration_v2-entity-0,public_calibration_v2,calibration_v2_registry_identifier_probate,identifier allocated after a probate clerk accepts the filing,"Within the public schema belonging to garnet calibration folio, classify this descriptor: identifier allocated after a probate clerk accepts the filing.",garnet calibration folio,registry_id,known,,,,,,,false,false,,pending
public_calibration_v2:registry_id:calibration_v2_registry_identifier_probate:public_calibration_v2-frame-3:public_calibration_v2-entity-1,public_calibration_v2,calibration_v2_registry_identifier_probate,identifier allocated after a probate clerk accepts the filing,Assess the intended field category for harbor evaluation card; the request says identifier allocated after a probate clerk accepts the filing.,harbor evaluation card,registry_id,known,,,,,,,false,false,,pending
public_calibration_v2:registry_id:calibration_v2_registry_code_roster:public_calibration_v2-frame-0:public_calibration_v2-entity-3,public_calibration_v2,calibration_v2_registry_code_roster,code attached when an authority adds the subject to its roster,"For calibration subject jasper calibration subject, determine which relation the wording 'code attached when an authority adds the subject to its roster' supports.",jasper calibration subject,registry_id,known,,,,,,,false,false,,pending
public_calibration_v2:registry_id:calibration_v2_registry_code_roster:public_calibration_v2-frame-1:public_calibration_v2-entity-0,public_calibration_v2,calibration_v2_registry_code_roster,code attached when an authority adds the subject to its roster,Route the answer-free field of garnet calibration folio whose semantic cue is: code attached when an authority adds the subject to its roster.,garnet calibration folio,registry_id,known,,,,,,,false,false,,pending
public_calibration_v2:registry_id:calibration_v2_registry_code_roster:public_calibration_v2-frame-2:public_calibration_v2-entity-1,public_calibration_v2,calibration_v2_registry_code_roster,code attached when an authority adds the subject to its roster,"Within the public schema belonging to harbor evaluation card, classify this descriptor: code attached when an authority adds the subject to its roster.",harbor evaluation card,registry_id,known,,,,,,,false,false,,pending
public_calibration_v2:registry_id:calibration_v2_registry_code_roster:public_calibration_v2-frame-3:public_calibration_v2-entity-2,public_calibration_v2,calibration_v2_registry_code_roster,code attached when an authority adds the subject to its roster,Assess the intended field category for indigo public sheet; the request says code attached when an authority adds the subject to its roster.,indigo public sheet,registry_id,known,,,,,,,false,false,,pending
public_calibration_v2:registry_id:calibration_v2_registry_token_docket:public_calibration_v2-frame-0:public_calibration_v2-entity-0,public_calibration_v2,calibration_v2_registry_token_docket,token indexing a legally maintained case docket,"For calibration subject garnet calibration folio, determine which relation the wording 'token indexing a legally maintained case docket' supports.",garnet calibration folio,registry_id,known,,,,,,,false,false,,pending
public_calibration_v2:registry_id:calibration_v2_registry_token_docket:public_calibration_v2-frame-1:public_calibration_v2-entity-1,public_calibration_v2,calibration_v2_registry_token_docket,token indexing a legally maintained case docket,Route the answer-free field of harbor evaluation card whose semantic cue is: token indexing a legally maintained case docket.,harbor evaluation card,registry_id,known,,,,,,,false,false,,pending
public_calibration_v2:registry_id:calibration_v2_registry_token_docket:public_calibration_v2-frame-2:public_calibration_v2-entity-2,public_calibration_v2,calibration_v2_registry_token_docket,token indexing a legally maintained case docket,"Within the public schema belonging to indigo public sheet, classify this descriptor: token indexing a legally maintained case docket.",indigo public sheet,registry_id,known,,,,,,,false,false,,pending
public_calibration_v2:registry_id:calibration_v2_registry_token_docket:public_calibration_v2-frame-3:public_calibration_v2-entity-3,public_calibration_v2,calibration_v2_registry_token_docket,token indexing a legally maintained case docket,Assess the intended field category for jasper calibration subject; the request says token indexing a legally maintained case docket.,jasper calibration subject,registry_id,known,,,,,,,false,false,,pending
public_calibration_v2:registry_id:calibration_v2_registry_key_archive:public_calibration_v2-frame-0:public_calibration_v2-entity-1,public_calibration_v2,calibration_v2_registry_key_archive,key locating one entry inside a regulated archive,"For calibration subject harbor evaluation card, determine which relation the wording 'key locating one entry inside a regulated archive' supports.",harbor evaluation card,registry_id,known,,,,,,,false,false,,pending
public_calibration_v2:registry_id:calibration_v2_registry_key_archive:public_calibration_v2-frame-1:public_calibration_v2-entity-2,public_calibration_v2,calibration_v2_registry_key_archive,key locating one entry inside a regulated archive,Route the answer-free field of indigo public sheet whose semantic cue is: key locating one entry inside a regulated archive.,indigo public sheet,registry_id,known,,,,,,,false,false,,pending
public_calibration_v2:registry_id:calibration_v2_registry_key_archive:public_calibration_v2-frame-2:public_calibration_v2-entity-3,public_calibration_v2,calibration_v2_registry_key_archive,key locating one entry inside a regulated archive,"Within the public schema belonging to jasper calibration subject, classify this descriptor: key locating one entry inside a regulated archive.",jasper calibration subject,registry_id,known,,,,,,,false,false,,pending
public_calibration_v2:registry_id:calibration_v2_registry_key_archive:public_calibration_v2-frame-3:public_calibration_v2-entity-0,public_calibration_v2,calibration_v2_registry_key_archive,key locating one entry inside a regulated archive,Assess the intended field category for garnet calibration folio; the request says key locating one entry inside a regulated archive.,garnet calibration folio,registry_id,known,,,,,,,false,false,,pending
public_calibration_v2:registry_id:calibration_v2_registry_serial_charter:public_calibration_v2-frame-0:public_calibration_v2-entity-2,public_calibration_v2,calibration_v2_registry_serial_charter,serial created during institutional charter enrollment,"For calibration subject indigo public sheet, determine which relation the wording 'serial created during institutional charter enrollment' supports.",indigo public sheet,registry_id,known,,,,,,,false,false,,pending
public_calibration_v2:registry_id:calibration_v2_registry_serial_charter:public_calibration_v2-frame-1:public_calibration_v2-entity-3,public_calibration_v2,calibration_v2_registry_serial_charter,serial created during institutional charter enrollment,Route the answer-free field of jasper calibration subject whose semantic cue is: serial created during institutional charter enrollment.,jasper calibration subject,registry_id,known,,,,,,,false,false,,pending
public_calibration_v2:registry_id:calibration_v2_registry_serial_charter:public_calibration_v2-frame-2:public_calibration_v2-entity-0,public_calibration_v2,calibration_v2_registry_serial_charter,serial created during institutional charter enrollment,"Within the public schema belonging to garnet calibration folio, classify this descriptor: serial created during institutional charter enrollment.",garnet calibration folio,registry_id,known,,,,,,,false,false,,pending
public_calibration_v2:registry_id:calibration_v2_registry_serial_charter:public_calibration_v2-frame-3:public_calibration_v2-entity-1,public_calibration_v2,calibration_v2_registry_serial_charter,serial created during institutional charter enrollment,Assess the intended field category for harbor evaluation card; the request says serial created during institutional charter enrollment.,harbor evaluation card,registry_id,known,,,,,,,false,false,,pending
public_calibration_v2:registry_id:calibration_v2_registry_handle_ledger:public_calibration_v2-frame-0:public_calibration_v2-entity-3,public_calibration_v2,calibration_v2_registry_handle_ledger,handle assigned by the bureau that maintains the statutory ledger,"For calibration subject jasper calibration subject, determine which relation the wording 'handle assigned by the bureau that maintains the statutory ledger' supports.",jasper calibration subject,registry_id,known,,,,,,,false,false,,pending
public_calibration_v2:registry_id:calibration_v2_registry_handle_ledger:public_calibration_v2-frame-1:public_calibration_v2-entity-0,public_calibration_v2,calibration_v2_registry_handle_ledger,handle assigned by the bureau that maintains the statutory ledger,Route the answer-free field of garnet calibration folio whose semantic cue is: handle assigned by the bureau that maintains the statutory ledger.,garnet calibration folio,registry_id,known,,,,,,,false,false,,pending
public_calibration_v2:registry_id:calibration_v2_registry_handle_ledger:public_calibration_v2-frame-2:public_calibration_v2-entity-1,public_calibration_v2,calibration_v2_registry_handle_ledger,handle assigned by the bureau that maintains the statutory ledger,"Within the public schema belonging to harbor evaluation card, classify this descriptor: handle assigned by the bureau that maintains the statutory ledger.",harbor evaluation card,registry_id,known,,,,,,,false,false,,pending
public_calibration_v2:registry_id:calibration_v2_registry_handle_ledger:public_calibration_v2-frame-3:public_calibration_v2-entity-2,public_calibration_v2,calibration_v2_registry_handle_ledger,handle assigned by the bureau that maintains the statutory ledger,Assess the intended field category for indigo public sheet; the request says handle assigned by the bureau that maintains the statutory ledger.,indigo public sheet,registry_id,known,,,,,,,false,false,,pending
public_calibration_v2:city_code:calibration_v2_city_credential_borough:public_calibration_v2-frame-0:public_calibration_v2-entity-0,public_calibration_v2,calibration_v2_city_credential_borough,credential designating a borough within a regional atlas,"For calibration subject garnet calibration folio, determine which relation the wording 'credential designating a borough within a regional atlas' supports.",garnet calibration folio,city_code,known,,,,,,,false,false,,pending
public_calibration_v2:city_code:calibration_v2_city_credential_borough:public_calibration_v2-frame-1:public_calibration_v2-entity-1,public_calibration_v2,calibration_v2_city_credential_borough,credential designating a borough within a regional atlas,Route the answer-free field of harbor evaluation card whose semantic cue is: credential designating a borough within a regional atlas.,harbor evaluation card,city_code,known,,,,,,,false,false,,pending
public_calibration_v2:city_code:calibration_v2_city_credential_borough:public_calibration_v2-frame-2:public_calibration_v2-entity-2,public_calibration_v2,calibration_v2_city_credential_borough,credential designating a borough within a regional atlas,"Within the public schema belonging to indigo public sheet, classify this descriptor: credential designating a borough within a regional atlas.",indigo public sheet,city_code,known,,,,,,,false,false,,pending
public_calibration_v2:city_code:calibration_v2_city_credential_borough:public_calibration_v2-frame-3:public_calibration_v2-entity-3,public_calibration_v2,calibration_v2_city_credential_borough,credential designating a borough within a regional atlas,Assess the intended field category for jasper calibration subject; the request says credential designating a borough within a regional atlas.,jasper calibration subject,city_code,known,,,,,,,false,false,,pending
public_calibration_v2:city_code:calibration_v2_city_reference_sector:public_calibration_v2-frame-0:public_calibration_v2-entity-1,public_calibration_v2,calibration_v2_city_reference_sector,reference marking a town sector on a planning map,"For calibration subject harbor evaluation card, determine which relation the wording 'reference marking a town sector on a planning map' supports.",harbor evaluation card,city_code,known,,,,,,,false,false,,pending
public_calibration_v2:city_code:calibration_v2_city_reference_sector:public_calibration_v2-frame-1:public_calibration_v2-entity-2,public_calibration_v2,calibration_v2_city_reference_sector,reference marking a town sector on a planning map,Route the answer-free field of indigo public sheet whose semantic cue is: reference marking a town sector on a planning map.,indigo public sheet,city_code,known,,,,,,,false,false,,pending
public_calibration_v2:city_code:calibration_v2_city_reference_sector:public_calibration_v2-frame-2:public_calibration_v2-entity-3,public_calibration_v2,calibration_v2_city_reference_sector,reference marking a town sector on a planning map,"Within the public schema belonging to jasper calibration subject, classify this descriptor: reference marking a town sector on a planning map.",jasper calibration subject,city_code,known,,,,,,,false,false,,pending
public_calibration_v2:city_code:calibration_v2_city_reference_sector:public_calibration_v2-frame-3:public_calibration_v2-entity-0,public_calibration_v2,calibration_v2_city_reference_sector,reference marking a town sector on a planning map,Assess the intended field category for garnet calibration folio; the request says reference marking a town sector on a planning map.,garnet calibration folio,city_code,known,,,,,,,false,false,,pending
public_calibration_v2:city_code:calibration_v2_city_identifier_ward:public_calibration_v2-frame-0:public_calibration_v2-entity-2,public_calibration_v2,calibration_v2_city_identifier_ward,identifier distinguishing a civic ward in the territorial survey,"For calibration subject indigo public sheet, determine which relation the wording 'identifier distinguishing a civic ward in the territorial survey' supports.",indigo public sheet,city_code,known,,,,,,,false,false,,pending
public_calibration_v2:city_code:calibration_v2_city_identifier_ward:public_calibration_v2-frame-1:public_calibration_v2-entity-3,public_calibration_v2,calibration_v2_city_identifier_ward,identifier distinguishing a civic ward in the territorial survey,Route the answer-free field of jasper calibration subject whose semantic cue is: identifier distinguishing a civic ward in the territorial survey.,jasper calibration subject,city_code,known,,,,,,,false,false,,pending
public_calibration_v2:city_code:calibration_v2_city_identifier_ward:public_calibration_v2-frame-2:public_calibration_v2-entity-0,public_calibration_v2,calibration_v2_city_identifier_ward,identifier distinguishing a civic ward in the territorial survey,"Within the public schema belonging to garnet calibration folio, classify this descriptor: identifier distinguishing a civic ward in the territorial survey.",garnet calibration folio,city_code,known,,,,,,,false,false,,pending
public_calibration_v2:city_code:calibration_v2_city_identifier_ward:public_calibration_v2-frame-3:public_calibration_v2-entity-1,public_calibration_v2,calibration_v2_city_identifier_ward,identifier distinguishing a civic ward in the territorial survey,Assess the intended field category for harbor evaluation card; the request says identifier distinguishing a civic ward in the territorial survey.,harbor evaluation card,city_code,known,,,,,,,false,false,,pending
public_calibration_v2:city_code:calibration_v2_city_code_cartography:public_calibration_v2-frame-0:public_calibration_v2-entity-3,public_calibration_v2,calibration_v2_city_code_cartography,code printed beside a municipality in a cartographic register,"For calibration subject jasper calibration subject, determine which relation the wording 'code printed beside a municipality in a cartographic register' supports.",jasper calibration subject,city_code,known,,,,,,,false,false,,pending
public_calibration_v2:city_code:calibration_v2_city_code_cartography:public_calibration_v2-frame-1:public_calibration_v2-entity-0,public_calibration_v2,calibration_v2_city_code_cartography,code printed beside a municipality in a cartographic register,Route the answer-free field of garnet calibration folio whose semantic cue is: code printed beside a municipality in a cartographic register.,garnet calibration folio,city_code,known,,,,,,,false,false,,pending
public_calibration_v2:city_code:calibration_v2_city_code_cartography:public_calibration_v2-frame-2:public_calibration_v2-entity-1,public_calibration_v2,calibration_v2_city_code_cartography,code printed beside a municipality in a cartographic register,"Within the public schema belonging to harbor evaluation card, classify this descriptor: code printed beside a municipality in a cartographic register.",harbor evaluation card,city_code,known,,,,,,,false,false,,pending
public_calibration_v2:city_code:calibration_v2_city_code_cartography:public_calibration_v2-frame-3:public_calibration_v2-entity-2,public_calibration_v2,calibration_v2_city_code_cartography,code printed beside a municipality in a cartographic register,Assess the intended field category for indigo public sheet; the request says code printed beside a municipality in a cartographic register.,indigo public sheet,city_code,known,,,,,,,false,false,,pending
public_calibration_v2:city_code:calibration_v2_city_token_parish:public_calibration_v2-frame-0:public_calibration_v2-entity-0,public_calibration_v2,calibration_v2_city_token_parish,token denoting a parish boundary in the geographic index,"For calibration subject garnet calibration folio, determine which relation the wording 'token denoting a parish boundary in the geographic index' supports.",garnet calibration folio,city_code,known,,,,,,,false,false,,pending
public_calibration_v2:city_code:calibration_v2_city_token_parish:public_calibration_v2-frame-1:public_calibration_v2-entity-1,public_calibration_v2,calibration_v2_city_token_parish,token denoting a parish boundary in the geographic index,Route the answer-free field of harbor evaluation card whose semantic cue is: token denoting a parish boundary in the geographic index.,harbor evaluation card,city_code,known,,,,,,,false,false,,pending
public_calibration_v2:city_code:calibration_v2_city_token_parish:public_calibration_v2-frame-2:public_calibration_v2-entity-2,public_calibration_v2,calibration_v2_city_token_parish,token denoting a parish boundary in the geographic index,"Within the public schema belonging to indigo public sheet, classify this descriptor: token denoting a parish boundary in the geographic index.",indigo public sheet,city_code,known,,,,,,,false,false,,pending
public_calibration_v2:city_code:calibration_v2_city_token_parish:public_calibration_v2-frame-3:public_calibration_v2-entity-3,public_calibration_v2,calibration_v2_city_token_parish,token denoting a parish boundary in the geographic index,Assess the intended field category for jasper calibration subject; the request says token denoting a parish boundary in the geographic index.,jasper calibration subject,city_code,known,,,,,,,false,false,,pending
public_calibration_v2:city_code:calibration_v2_city_key_locality:public_calibration_v2-frame-0:public_calibration_v2-entity-1,public_calibration_v2,calibration_v2_city_key_locality,key resolving a named locality on the civic map,"For calibration subject harbor evaluation card, determine which relation the wording 'key resolving a named locality on the civic map' supports.",harbor evaluation card,city_code,known,,,,,,,false,false,,pending
public_calibration_v2:city_code:calibration_v2_city_key_locality:public_calibration_v2-frame-1:public_calibration_v2-entity-2,public_calibration_v2,calibration_v2_city_key_locality,key resolving a named locality on the civic map,Route the answer-free field of indigo public sheet whose semantic cue is: key resolving a named locality on the civic map.,indigo public sheet,city_code,known,,,,,,,false,false,,pending
public_calibration_v2:city_code:calibration_v2_city_key_locality:public_calibration_v2-frame-2:public_calibration_v2-entity-3,public_calibration_v2,calibration_v2_city_key_locality,key resolving a named locality on the civic map,"Within the public schema belonging to jasper calibration subject, classify this descriptor: key resolving a named locality on the civic map.",jasper calibration subject,city_code,known,,,,,,,false,false,,pending
public_calibration_v2:city_code:calibration_v2_city_key_locality:public_calibration_v2-frame-3:public_calibration_v2-entity-0,public_calibration_v2,calibration_v2_city_key_locality,key resolving a named locality on the civic map,Assess the intended field category for garnet calibration folio; the request says key resolving a named locality on the civic map.,garnet calibration folio,city_code,known,,,,,,,false,false,,pending
public_calibration_v2:city_code:calibration_v2_city_serial_district:public_calibration_v2-frame-0:public_calibration_v2-entity-2,public_calibration_v2,calibration_v2_city_serial_district,serial used for a district in the metropolitan atlas,"For calibration subject indigo public sheet, determine which relation the wording 'serial used for a district in the metropolitan atlas' supports.",indigo public sheet,city_code,known,,,,,,,false,false,,pending
public_calibration_v2:city_code:calibration_v2_city_serial_district:public_calibration_v2-frame-1:public_calibration_v2-entity-3,public_calibration_v2,calibration_v2_city_serial_district,serial used for a district in the metropolitan atlas,Route the answer-free field of jasper calibration subject whose semantic cue is: serial used for a district in the metropolitan atlas.,jasper calibration subject,city_code,known,,,,,,,false,false,,pending
public_calibration_v2:city_code:calibration_v2_city_serial_district:public_calibration_v2-frame-2:public_calibration_v2-entity-0,public_calibration_v2,calibration_v2_city_serial_district,serial used for a district in the metropolitan atlas,"Within the public schema belonging to garnet calibration folio, classify this descriptor: serial used for a district in the metropolitan atlas.",garnet calibration folio,city_code,known,,,,,,,false,false,,pending
public_calibration_v2:city_code:calibration_v2_city_serial_district:public_calibration_v2-frame-3:public_calibration_v2-entity-1,public_calibration_v2,calibration_v2_city_serial_district,serial used for a district in the metropolitan atlas,Assess the intended field category for harbor evaluation card; the request says serial used for a district in the metropolitan atlas.,harbor evaluation card,city_code,known,,,,,,,false,false,,pending
public_calibration_v2:city_code:calibration_v2_city_handle_region:public_calibration_v2-frame-0:public_calibration_v2-entity-3,public_calibration_v2,calibration_v2_city_handle_region,handle representing a populated region in a mapping system,"For calibration subject jasper calibration subject, determine which relation the wording 'handle representing a populated region in a mapping system' supports.",jasper calibration subject,city_code,known,,,,,,,false,false,,pending
public_calibration_v2:city_code:calibration_v2_city_handle_region:public_calibration_v2-frame-1:public_calibration_v2-entity-0,public_calibration_v2,calibration_v2_city_handle_region,handle representing a populated region in a mapping system,Route the answer-free field of garnet calibration folio whose semantic cue is: handle representing a populated region in a mapping system.,garnet calibration folio,city_code,known,,,,,,,false,false,,pending
public_calibration_v2:city_code:calibration_v2_city_handle_region:public_calibration_v2-frame-2:public_calibration_v2-entity-1,public_calibration_v2,calibration_v2_city_handle_region,handle representing a populated region in a mapping system,"Within the public schema belonging to harbor evaluation card, classify this descriptor: handle representing a populated region in a mapping system.",harbor evaluation card,city_code,known,,,,,,,false,false,,pending
public_calibration_v2:city_code:calibration_v2_city_handle_region:public_calibration_v2-frame-3:public_calibration_v2-entity-2,public_calibration_v2,calibration_v2_city_handle_region,handle representing a populated region in a mapping system,Assess the intended field category for indigo public sheet; the request says handle representing a populated region in a mapping system.,indigo public sheet,city_code,known,,,,,,,false,false,,pending
public_calibration_v2:access_code:calibration_v2_access_credential_workspace:public_calibration_v2-frame-0:public_calibration_v2-entity-0,public_calibration_v2,calibration_v2_access_credential_workspace,credential presented to unlock a restricted workspace,"For calibration subject garnet calibration folio, determine which relation the wording 'credential presented to unlock a restricted workspace' supports.",garnet calibration folio,access_code,known,,,,,,,false,false,,pending
public_calibration_v2:access_code:calibration_v2_access_credential_workspace:public_calibration_v2-frame-1:public_calibration_v2-entity-1,public_calibration_v2,calibration_v2_access_credential_workspace,credential presented to unlock a restricted workspace,Route the answer-free field of harbor evaluation card whose semantic cue is: credential presented to unlock a restricted workspace.,harbor evaluation card,access_code,known,,,,,,,false,false,,pending
public_calibration_v2:access_code:calibration_v2_access_credential_workspace:public_calibration_v2-frame-2:public_calibration_v2-entity-2,public_calibration_v2,calibration_v2_access_credential_workspace,credential presented to unlock a restricted workspace,"Within the public schema belonging to indigo public sheet, classify this descriptor: credential presented to unlock a restricted workspace.",indigo public sheet,access_code,known,,,,,,,false,false,,pending
public_calibration_v2:access_code:calibration_v2_access_credential_workspace:public_calibration_v2-frame-3:public_calibration_v2-entity-3,public_calibration_v2,calibration_v2_access_credential_workspace,credential presented to unlock a restricted workspace,Assess the intended field category for jasper calibration subject; the request says credential presented to unlock a restricted workspace.,jasper calibration subject,access_code,known,,,,,,,false,false,,pending
public_calibration_v2:access_code:calibration_v2_access_reference_application:public_calibration_v2-frame-0:public_calibration_v2-entity-1,public_calibration_v2,calibration_v2_access_reference_application,reference verified before a guarded application grants entry,"For calibration subject harbor evaluation card, determine which relation the wording 'reference verified before a guarded application grants entry' supports.",harbor evaluation card,access_code,known,,,,,,,false,false,,pending
public_calibration_v2:access_code:calibration_v2_access_reference_application:public_calibration_v2-frame-1:public_calibration_v2-entity-2,public_calibration_v2,calibration_v2_access_reference_application,reference verified before a guarded application grants entry,Route the answer-free field of indigo public sheet whose semantic cue is: reference verified before a guarded application grants entry.,indigo public sheet,access_code,known,,,,,,,false,false,,pending
public_calibration_v2:access_code:calibration_v2_access_reference_application:public_calibration_v2-frame-2:public_calibration_v2-entity-3,public_calibration_v2,calibration_v2_access_reference_application,reference verified before a guarded application grants entry,"Within the public schema belonging to jasper calibration subject, classify this descriptor: reference verified before a guarded application grants entry.",jasper calibration subject,access_code,known,,,,,,,false,false,,pending
public_calibration_v2:access_code:calibration_v2_access_reference_application:public_calibration_v2-frame-3:public_calibration_v2-entity-0,public_calibration_v2,calibration_v2_access_reference_application,reference verified before a guarded application grants entry,Assess the intended field category for garnet calibration folio; the request says reference verified before a guarded application grants entry.,garnet calibration folio,access_code,known,,,,,,,false,false,,pending
public_calibration_v2:access_code:calibration_v2_access_identifier_gateway:public_calibration_v2-frame-0:public_calibration_v2-entity-2,public_calibration_v2,calibration_v2_access_identifier_gateway,identifier checked by a gateway before releasing protected content,"For calibration subject indigo public sheet, determine which relation the wording 'identifier checked by a gateway before releasing protected content' supports.",indigo public sheet,access_code,known,,,,,,,false,false,,pending
public_calibration_v2:access_code:calibration_v2_access_identifier_gateway:public_calibration_v2-frame-1:public_calibration_v2-entity-3,public_calibration_v2,calibration_v2_access_identifier_gateway,identifier checked by a gateway before releasing protected content,Route the answer-free field of jasper calibration subject whose semantic cue is: identifier checked by a gateway before releasing protected content.,jasper calibration subject,access_code,known,,,,,,,false,false,,pending
public_calibration_v2:access_code:calibration_v2_access_identifier_gateway:public_calibration_v2-frame-2:public_calibration_v2-entity-0,public_calibration_v2,calibration_v2_access_identifier_gateway,identifier checked by a gateway before releasing protected content,"Within the public schema belonging to garnet calibration folio, classify this descriptor: identifier checked by a gateway before releasing protected content.",garnet calibration folio,access_code,known,,,,,,,false,false,,pending
public_calibration_v2:access_code:calibration_v2_access_identifier_gateway:public_calibration_v2-frame-3:public_calibration_v2-entity-1,public_calibration_v2,calibration_v2_access_identifier_gateway,identifier checked by a gateway before releasing protected content,Assess the intended field category for harbor evaluation card; the request says identifier checked by a gateway before releasing protected content.,harbor evaluation card,access_code,known,,,,,,,false,false,,pending
public_calibration_v2:access_code:calibration_v2_access_code_console:public_calibration_v2-frame-0:public_calibration_v2-entity-3,public_calibration_v2,calibration_v2_access_code_console,code supplied when a secure console challenges the entrant,"For calibration subject jasper calibration subject, determine which relation the wording 'code supplied when a secure console challenges the entrant' supports.",jasper calibration subject,access_code,known,,,,,,,false,false,,pending
public_calibration_v2:access_code:calibration_v2_access_code_console:public_calibration_v2-frame-1:public_calibration_v2-entity-0,public_calibration_v2,calibration_v2_access_code_console,code supplied when a secure console challenges the entrant,Route the answer-free field of garnet calibration folio whose semantic cue is: code supplied when a secure console challenges the entrant.,garnet calibration folio,access_code,known,,,,,,,false,false,,pending
public_calibration_v2:access_code:calibration_v2_access_code_console:public_calibration_v2-frame-2:public_calibration_v2-entity-1,public_calibration_v2,calibration_v2_access_code_console,code supplied when a secure console challenges the entrant,"Within the public schema belonging to harbor evaluation card, classify this descriptor: code supplied when a secure console challenges the entrant.",harbor evaluation card,access_code,known,,,,,,,false,false,,pending
public_calibration_v2:access_code:calibration_v2_access_code_console:public_calibration_v2-frame-3:public_calibration_v2-entity-2,public_calibration_v2,calibration_v2_access_code_console,code supplied when a secure console challenges the entrant,Assess the intended field category for indigo public sheet; the request says code supplied when a secure console challenges the entrant.,indigo public sheet,access_code,known,,,,,,,false,false,,pending
public_calibration_v2:access_code:calibration_v2_access_token_vault:public_calibration_v2-frame-0:public_calibration_v2-entity-0,public_calibration_v2,calibration_v2_access_token_vault,token proving permission to open an encrypted vault,"For calibration subject garnet calibration folio, determine which relation the wording 'token proving permission to open an encrypted vault' supports.",garnet calibration folio,access_code,known,,,,,,,false,false,,pending
public_calibration_v2:access_code:calibration_v2_access_token_vault:public_calibration_v2-frame-1:public_calibration_v2-entity-1,public_calibration_v2,calibration_v2_access_token_vault,token proving permission to open an encrypted vault,Route the answer-free field of harbor evaluation card whose semantic cue is: token proving permission to open an encrypted vault.,harbor evaluation card,access_code,known,,,,,,,false,false,,pending
public_calibration_v2:access_code:calibration_v2_access_token_vault:public_calibration_v2-frame-2:public_calibration_v2-entity-2,public_calibration_v2,calibration_v2_access_token_vault,token proving permission to open an encrypted vault,"Within the public schema belonging to indigo public sheet, classify this descriptor: token proving permission to open an encrypted vault.",indigo public sheet,access_code,known,,,,,,,false,false,,pending
public_calibration_v2:access_code:calibration_v2_access_token_vault:public_calibration_v2-frame-3:public_calibration_v2-entity-3,public_calibration_v2,calibration_v2_access_token_vault,token proving permission to open an encrypted vault,Assess the intended field category for jasper calibration subject; the request says token proving permission to open an encrypted vault.,jasper calibration subject,access_code,known,,,,,,,false,false,,pending
public_calibration_v2:access_code:calibration_v2_access_key_portal:public_calibration_v2-frame-0:public_calibration_v2-entity-1,public_calibration_v2,calibration_v2_access_key_portal,key authenticated before a private portal admits the requester,"For calibration subject harbor evaluation card, determine which relation the wording 'key authenticated before a private portal admits the requester' supports.",harbor evaluation card,access_code,known,,,,,,,false,false,,pending
public_calibration_v2:access_code:calibration_v2_access_key_portal:public_calibration_v2-frame-1:public_calibration_v2-entity-2,public_calibration_v2,calibration_v2_access_key_portal,key authenticated before a private portal admits the requester,Route the answer-free field of indigo public sheet whose semantic cue is: key authenticated before a private portal admits the requester.,indigo public sheet,access_code,known,,,,,,,false,false,,pending
public_calibration_v2:access_code:calibration_v2_access_key_portal:public_calibration_v2-frame-2:public_calibration_v2-entity-3,public_calibration_v2,calibration_v2_access_key_portal,key authenticated before a private portal admits the requester,"Within the public schema belonging to jasper calibration subject, classify this descriptor: key authenticated before a private portal admits the requester.",jasper calibration subject,access_code,known,,,,,,,false,false,,pending
public_calibration_v2:access_code:calibration_v2_access_key_portal:public_calibration_v2-frame-3:public_calibration_v2-entity-0,public_calibration_v2,calibration_v2_access_key_portal,key authenticated before a private portal admits the requester,Assess the intended field category for garnet calibration folio; the request says key authenticated before a private portal admits the requester.,garnet calibration folio,access_code,known,,,,,,,false,false,,pending
public_calibration_v2:access_code:calibration_v2_access_serial_device:public_calibration_v2-frame-0:public_calibration_v2-entity-2,public_calibration_v2,calibration_v2_access_serial_device,serial validated as a bearer secret by the protected device,"For calibration subject indigo public sheet, determine which relation the wording 'serial validated as a bearer secret by the protected device' supports.",indigo public sheet,access_code,known,,,,,,,false,false,,pending
public_calibration_v2:access_code:calibration_v2_access_serial_device:public_calibration_v2-frame-1:public_calibration_v2-entity-3,public_calibration_v2,calibration_v2_access_serial_device,serial validated as a bearer secret by the protected device,Route the answer-free field of jasper calibration subject whose semantic cue is: serial validated as a bearer secret by the protected device.,jasper calibration subject,access_code,known,,,,,,,false,false,,pending
public_calibration_v2:access_code:calibration_v2_access_serial_device:public_calibration_v2-frame-2:public_calibration_v2-entity-0,public_calibration_v2,calibration_v2_access_serial_device,serial validated as a bearer secret by the protected device,"Within the public schema belonging to garnet calibration folio, classify this descriptor: serial validated as a bearer secret by the protected device.",garnet calibration folio,access_code,known,,,,,,,false,false,,pending
public_calibration_v2:access_code:calibration_v2_access_serial_device:public_calibration_v2-frame-3:public_calibration_v2-entity-1,public_calibration_v2,calibration_v2_access_serial_device,serial validated as a bearer secret by the protected device,Assess the intended field category for harbor evaluation card; the request says serial validated as a bearer secret by the protected device.,harbor evaluation card,access_code,known,,,,,,,false,false,,pending
public_calibration_v2:access_code:calibration_v2_access_handle_session:public_calibration_v2-frame-0:public_calibration_v2-entity-3,public_calibration_v2,calibration_v2_access_handle_session,handle required to begin an authorized login session,"For calibration subject jasper calibration subject, determine which relation the wording 'handle required to begin an authorized login session' supports.",jasper calibration subject,access_code,known,,,,,,,false,false,,pending
public_calibration_v2:access_code:calibration_v2_access_handle_session:public_calibration_v2-frame-1:public_calibration_v2-entity-0,public_calibration_v2,calibration_v2_access_handle_session,handle required to begin an authorized login session,Route the answer-free field of garnet calibration folio whose semantic cue is: handle required to begin an authorized login session.,garnet calibration folio,access_code,known,,,,,,,false,false,,pending
public_calibration_v2:access_code:calibration_v2_access_handle_session:public_calibration_v2-frame-2:public_calibration_v2-entity-1,public_calibration_v2,calibration_v2_access_handle_session,handle required to begin an authorized login session,"Within the public schema belonging to harbor evaluation card, classify this descriptor: handle required to begin an authorized login session.",harbor evaluation card,access_code,known,,,,,,,false,false,,pending
public_calibration_v2:access_code:calibration_v2_access_handle_session:public_calibration_v2-frame-3:public_calibration_v2-entity-2,public_calibration_v2,calibration_v2_access_handle_session,handle required to begin an authorized login session,Assess the intended field category for indigo public sheet; the request says handle required to begin an authorized login session.,indigo public sheet,access_code,known,,,,,,,false,false,,pending
public_calibration_v2:ambiguous:calibration_v2_ambiguous_identity_marker:public_calibration_v2-frame-0:public_calibration_v2-entity-0,public_calibration_v2,calibration_v2_ambiguous_identity_marker,identity marker without issuing context,"For calibration subject garnet calibration folio, determine which relation the wording 'identity marker without issuing context' supports.",garnet calibration folio,ambiguous,ambiguous,,,,,,,true,false,,pending
public_calibration_v2:ambiguous:calibration_v2_ambiguous_identity_marker:public_calibration_v2-frame-1:public_calibration_v2-entity-1,public_calibration_v2,calibration_v2_ambiguous_identity_marker,identity marker without issuing context,Route the answer-free field of harbor evaluation card whose semantic cue is: identity marker without issuing context.,harbor evaluation card,ambiguous,ambiguous,,,,,,,true,false,,pending
public_calibration_v2:ambiguous:calibration_v2_ambiguous_identity_marker:public_calibration_v2-frame-2:public_calibration_v2-entity-2,public_calibration_v2,calibration_v2_ambiguous_identity_marker,identity marker without issuing context,"Within the public schema belonging to indigo public sheet, classify this descriptor: identity marker without issuing context.",indigo public sheet,ambiguous,ambiguous,,,,,,,true,false,,pending
public_calibration_v2:ambiguous:calibration_v2_ambiguous_identity_marker:public_calibration_v2-frame-3:public_calibration_v2-entity-3,public_calibration_v2,calibration_v2_ambiguous_identity_marker,identity marker without issuing context,Assess the intended field category for jasper calibration subject; the request says identity marker without issuing context.,jasper calibration subject,ambiguous,ambiguous,,,,,,,true,false,,pending
public_calibration_v2:ambiguous:calibration_v2_ambiguous_generic_key:public_calibration_v2-frame-0:public_calibration_v2-entity-1,public_calibration_v2,calibration_v2_ambiguous_generic_key,generic key lacking a declared purpose,"For calibration subject harbor evaluation card, determine which relation the wording 'generic key lacking a declared purpose' supports.",harbor evaluation card,ambiguous,ambiguous,,,,,,,true,false,,pending
public_calibration_v2:ambiguous:calibration_v2_ambiguous_generic_key:public_calibration_v2-frame-1:public_calibration_v2-entity-2,public_calibration_v2,calibration_v2_ambiguous_generic_key,generic key lacking a declared purpose,Route the answer-free field of indigo public sheet whose semantic cue is: generic key lacking a declared purpose.,indigo public sheet,ambiguous,ambiguous,,,,,,,true,false,,pending
public_calibration_v2:ambiguous:calibration_v2_ambiguous_generic_key:public_calibration_v2-frame-2:public_calibration_v2-entity-3,public_calibration_v2,calibration_v2_ambiguous_generic_key,generic key lacking a declared purpose,"Within the public schema belonging to jasper calibration subject, classify this descriptor: generic key lacking a declared purpose.",jasper calibration subject,ambiguous,ambiguous,,,,,,,true,false,,pending
public_calibration_v2:ambiguous:calibration_v2_ambiguous_generic_key:public_calibration_v2-frame-3:public_calibration_v2-entity-0,public_calibration_v2,calibration_v2_ambiguous_generic_key,generic key lacking a declared purpose,Assess the intended field category for garnet calibration folio; the request says generic key lacking a declared purpose.,garnet calibration folio,ambiguous,ambiguous,,,,,,,true,false,,pending
public_calibration_v2:ambiguous:calibration_v2_ambiguous_allocated_symbol:public_calibration_v2-frame-0:public_calibration_v2-entity-2,public_calibration_v2,calibration_v2_ambiguous_allocated_symbol,allocated symbol with no target domain,"For calibration subject indigo public sheet, determine which relation the wording 'allocated symbol with no target domain' supports.",indigo public sheet,ambiguous,ambiguous,,,,,,,true,false,,pending
public_calibration_v2:ambiguous:calibration_v2_ambiguous_allocated_symbol:public_calibration_v2-frame-1:public_calibration_v2-entity-3,public_calibration_v2,calibration_v2_ambiguous_allocated_symbol,allocated symbol with no target domain,Route the answer-free field of jasper calibration subject whose semantic cue is: allocated symbol with no target domain.,jasper calibration subject,ambiguous,ambiguous,,,,,,,true,false,,pending
public_calibration_v2:ambiguous:calibration_v2_ambiguous_allocated_symbol:public_calibration_v2-frame-2:public_calibration_v2-entity-0,public_calibration_v2,calibration_v2_ambiguous_allocated_symbol,allocated symbol with no target domain,"Within the public schema belonging to garnet calibration folio, classify this descriptor: allocated symbol with no target domain.",garnet calibration folio,ambiguous,ambiguous,,,,,,,true,false,,pending
public_calibration_v2:ambiguous:calibration_v2_ambiguous_allocated_symbol:public_calibration_v2-frame-3:public_calibration_v2-entity-1,public_calibration_v2,calibration_v2_ambiguous_allocated_symbol,allocated symbol with no target domain,Assess the intended field category for harbor evaluation card; the request says allocated symbol with no target domain.,harbor evaluation card,ambiguous,ambiguous,,,,,,,true,false,,pending
public_calibration_v2:ambiguous:calibration_v2_ambiguous_security_reference:public_calibration_v2-frame-0:public_calibration_v2-entity-3,public_calibration_v2,calibration_v2_ambiguous_security_reference,security reference of unspecified function,"For calibration subject jasper calibration subject, determine which relation the wording 'security reference of unspecified function' supports.",jasper calibration subject,ambiguous,ambiguous,,,,,,,true,false,,pending
public_calibration_v2:ambiguous:calibration_v2_ambiguous_security_reference:public_calibration_v2-frame-1:public_calibration_v2-entity-0,public_calibration_v2,calibration_v2_ambiguous_security_reference,security reference of unspecified function,Route the answer-free field of garnet calibration folio whose semantic cue is: security reference of unspecified function.,garnet calibration folio,ambiguous,ambiguous,,,,,,,true,false,,pending
public_calibration_v2:ambiguous:calibration_v2_ambiguous_security_reference:public_calibration_v2-frame-2:public_calibration_v2-entity-1,public_calibration_v2,calibration_v2_ambiguous_security_reference,security reference of unspecified function,"Within the public schema belonging to harbor evaluation card, classify this descriptor: security reference of unspecified function.",harbor evaluation card,ambiguous,ambiguous,,,,,,,true,false,,pending
public_calibration_v2:ambiguous:calibration_v2_ambiguous_security_reference:public_calibration_v2-frame-3:public_calibration_v2-entity-2,public_calibration_v2,calibration_v2_ambiguous_security_reference,security reference of unspecified function,Assess the intended field category for indigo public sheet; the request says security reference of unspecified function.,indigo public sheet,ambiguous,ambiguous,,,,,,,true,false,,pending
public_calibration_v2:ambiguous:calibration_v2_ambiguous_credential_use:public_calibration_v2-frame-0:public_calibration_v2-entity-0,public_calibration_v2,calibration_v2_ambiguous_credential_use,credential whose operational use is unstated,"For calibration subject garnet calibration folio, determine which relation the wording 'credential whose operational use is unstated' supports.",garnet calibration folio,ambiguous,ambiguous,,,,,,,true,false,,pending
public_calibration_v2:ambiguous:calibration_v2_ambiguous_credential_use:public_calibration_v2-frame-1:public_calibration_v2-entity-1,public_calibration_v2,calibration_v2_ambiguous_credential_use,credential whose operational use is unstated,Route the answer-free field of harbor evaluation card whose semantic cue is: credential whose operational use is unstated.,harbor evaluation card,ambiguous,ambiguous,,,,,,,true,false,,pending
public_calibration_v2:ambiguous:calibration_v2_ambiguous_credential_use:public_calibration_v2-frame-2:public_calibration_v2-entity-2,public_calibration_v2,calibration_v2_ambiguous_credential_use,credential whose operational use is unstated,"Within the public schema belonging to indigo public sheet, classify this descriptor: credential whose operational use is unstated.",indigo public sheet,ambiguous,ambiguous,,,,,,,true,false,,pending
public_calibration_v2:ambiguous:calibration_v2_ambiguous_credential_use:public_calibration_v2-frame-3:public_calibration_v2-entity-3,public_calibration_v2,calibration_v2_ambiguous_credential_use,credential whose operational use is unstated,Assess the intended field category for jasper calibration subject; the request says credential whose operational use is unstated.,jasper calibration subject,ambiguous,ambiguous,,,,,,,true,false,,pending
public_calibration_v2:ambiguous:calibration_v2_ambiguous_unnamed_token:public_calibration_v2-frame-0:public_calibration_v2-entity-1,public_calibration_v2,calibration_v2_ambiguous_unnamed_token,token originating from an unnamed system,"For calibration subject harbor evaluation card, determine which relation the wording 'token originating from an unnamed system' supports.",harbor evaluation card,ambiguous,ambiguous,,,,,,,true,false,,pending
public_calibration_v2:ambiguous:calibration_v2_ambiguous_unnamed_token:public_calibration_v2-frame-1:public_calibration_v2-entity-2,public_calibration_v2,calibration_v2_ambiguous_unnamed_token,token originating from an unnamed system,Route the answer-free field of indigo public sheet whose semantic cue is: token originating from an unnamed system.,indigo public sheet,ambiguous,ambiguous,,,,,,,true,false,,pending
public_calibration_v2:ambiguous:calibration_v2_ambiguous_unnamed_token:public_calibration_v2-frame-2:public_calibration_v2-entity-3,public_calibration_v2,calibration_v2_ambiguous_unnamed_token,token originating from an unnamed system,"Within the public schema belonging to jasper calibration subject, classify this descriptor: token originating from an unnamed system.",jasper calibration subject,ambiguous,ambiguous,,,,,,,true,false,,pending
public_calibration_v2:ambiguous:calibration_v2_ambiguous_unnamed_token:public_calibration_v2-frame-3:public_calibration_v2-entity-0,public_calibration_v2,calibration_v2_ambiguous_unnamed_token,token originating from an unnamed system,Assess the intended field category for garnet calibration folio; the request says token originating from an unnamed system.,garnet calibration folio,ambiguous,ambiguous,,,,,,,true,false,,pending
public_calibration_v2:ambiguous:calibration_v2_ambiguous_namespace_serial:public_calibration_v2-frame-0:public_calibration_v2-entity-2,public_calibration_v2,calibration_v2_ambiguous_namespace_serial,serial detached from a governing namespace,"For calibration subject indigo public sheet, determine which relation the wording 'serial detached from a governing namespace' supports.",indigo public sheet,ambiguous,ambiguous,,,,,,,true,false,,pending
public_calibration_v2:ambiguous:calibration_v2_ambiguous_namespace_serial:public_calibration_v2-frame-1:public_calibration_v2-entity-3,public_calibration_v2,calibration_v2_ambiguous_namespace_serial,serial detached from a governing namespace,Route the answer-free field of jasper calibration subject whose semantic cue is: serial detached from a governing namespace.,jasper calibration subject,ambiguous,ambiguous,,,,,,,true,false,,pending
public_calibration_v2:ambiguous:calibration_v2_ambiguous_namespace_serial:public_calibration_v2-frame-2:public_calibration_v2-entity-0,public_calibration_v2,calibration_v2_ambiguous_namespace_serial,serial detached from a governing namespace,"Within the public schema belonging to garnet calibration folio, classify this descriptor: serial detached from a governing namespace.",garnet calibration folio,ambiguous,ambiguous,,,,,,,true,false,,pending
public_calibration_v2:ambiguous:calibration_v2_ambiguous_namespace_serial:public_calibration_v2-frame-3:public_calibration_v2-entity-1,public_calibration_v2,calibration_v2_ambiguous_namespace_serial,serial detached from a governing namespace,Assess the intended field category for harbor evaluation card; the request says serial detached from a governing namespace.,harbor evaluation card,ambiguous,ambiguous,,,,,,,true,false,,pending
public_calibration_v2:ambiguous:calibration_v2_ambiguous_schema_value:public_calibration_v2-frame-0:public_calibration_v2-entity-3,public_calibration_v2,calibration_v2_ambiguous_schema_value,lookup value missing its schema,"For calibration subject jasper calibration subject, determine which relation the wording 'lookup value missing its schema' supports.",jasper calibration subject,ambiguous,ambiguous,,,,,,,true,false,,pending
public_calibration_v2:ambiguous:calibration_v2_ambiguous_schema_value:public_calibration_v2-frame-1:public_calibration_v2-entity-0,public_calibration_v2,calibration_v2_ambiguous_schema_value,lookup value missing its schema,Route the answer-free field of garnet calibration folio whose semantic cue is: lookup value missing its schema.,garnet calibration folio,ambiguous,ambiguous,,,,,,,true,false,,pending
public_calibration_v2:ambiguous:calibration_v2_ambiguous_schema_value:public_calibration_v2-frame-2:public_calibration_v2-entity-1,public_calibration_v2,calibration_v2_ambiguous_schema_value,lookup value missing its schema,"Within the public schema belonging to harbor evaluation card, classify this descriptor: lookup value missing its schema.",harbor evaluation card,ambiguous,ambiguous,,,,,,,true,false,,pending
public_calibration_v2:ambiguous:calibration_v2_ambiguous_schema_value:public_calibration_v2-frame-3:public_calibration_v2-entity-2,public_calibration_v2,calibration_v2_ambiguous_schema_value,lookup value missing its schema,Assess the intended field category for indigo public sheet; the request says lookup value missing its schema.,indigo public sheet,ambiguous,ambiguous,,,,,,,true,false,,pending
public_calibration_v2:unrelated:calibration_v2_unrelated_dividend_preference:public_calibration_v2-frame-0:public_calibration_v2-entity-0,public_calibration_v2,calibration_v2_unrelated_dividend_preference,annual dividend preference,"For calibration subject garnet calibration folio, determine which relation the wording 'annual dividend preference' supports.",garnet calibration folio,unrelated,unrelated,,,,,,,false,true,,pending
public_calibration_v2:unrelated:calibration_v2_unrelated_dividend_preference:public_calibration_v2-frame-1:public_calibration_v2-entity-1,public_calibration_v2,calibration_v2_unrelated_dividend_preference,annual dividend preference,Route the answer-free field of harbor evaluation card whose semantic cue is: annual dividend preference.,harbor evaluation card,unrelated,unrelated,,,,,,,false,true,,pending
public_calibration_v2:unrelated:calibration_v2_unrelated_dividend_preference:public_calibration_v2-frame-2:public_calibration_v2-entity-2,public_calibration_v2,calibration_v2_unrelated_dividend_preference,annual dividend preference,"Within the public schema belonging to indigo public sheet, classify this descriptor: annual dividend preference.",indigo public sheet,unrelated,unrelated,,,,,,,false,true,,pending
public_calibration_v2:unrelated:calibration_v2_unrelated_dividend_preference:public_calibration_v2-frame-3:public_calibration_v2-entity-3,public_calibration_v2,calibration_v2_unrelated_dividend_preference,annual dividend preference,Assess the intended field category for jasper calibration subject; the request says annual dividend preference.,jasper calibration subject,unrelated,unrelated,,,,,,,false,true,,pending
public_calibration_v2:unrelated:calibration_v2_unrelated_warranty_expiry:public_calibration_v2-frame-0:public_calibration_v2-entity-1,public_calibration_v2,calibration_v2_unrelated_warranty_expiry,equipment warranty expiry,"For calibration subject harbor evaluation card, determine which relation the wording 'equipment warranty expiry' supports.",harbor evaluation card,unrelated,unrelated,,,,,,,false,true,,pending
public_calibration_v2:unrelated:calibration_v2_unrelated_warranty_expiry:public_calibration_v2-frame-1:public_calibration_v2-entity-2,public_calibration_v2,calibration_v2_unrelated_warranty_expiry,equipment warranty expiry,Route the answer-free field of indigo public sheet whose semantic cue is: equipment warranty expiry.,indigo public sheet,unrelated,unrelated,,,,,,,false,true,,pending
public_calibration_v2:unrelated:calibration_v2_unrelated_warranty_expiry:public_calibration_v2-frame-2:public_calibration_v2-entity-3,public_calibration_v2,calibration_v2_unrelated_warranty_expiry,equipment warranty expiry,"Within the public schema belonging to jasper calibration subject, classify this descriptor: equipment warranty expiry.",jasper calibration subject,unrelated,unrelated,,,,,,,false,true,,pending
public_calibration_v2:unrelated:calibration_v2_unrelated_warranty_expiry:public_calibration_v2-frame-3:public_calibration_v2-entity-0,public_calibration_v2,calibration_v2_unrelated_warranty_expiry,equipment warranty expiry,Assess the intended field category for garnet calibration folio; the request says equipment warranty expiry.,garnet calibration folio,unrelated,unrelated,,,,,,,false,true,,pending
public_calibration_v2:unrelated:calibration_v2_unrelated_inventory_quantity:public_calibration_v2-frame-0:public_calibration_v2-entity-2,public_calibration_v2,calibration_v2_unrelated_inventory_quantity,warehouse inventory quantity,"For calibration subject indigo public sheet, determine which relation the wording 'warehouse inventory quantity' supports.",indigo public sheet,unrelated,unrelated,,,,,,,false,true,,pending
public_calibration_v2:unrelated:calibration_v2_unrelated_inventory_quantity:public_calibration_v2-frame-1:public_calibration_v2-entity-3,public_calibration_v2,calibration_v2_unrelated_inventory_quantity,warehouse inventory quantity,Route the answer-free field of jasper calibration subject whose semantic cue is: warehouse inventory quantity.,jasper calibration subject,unrelated,unrelated,,,,,,,false,true,,pending
public_calibration_v2:unrelated:calibration_v2_unrelated_inventory_quantity:public_calibration_v2-frame-2:public_calibration_v2-entity-0,public_calibration_v2,calibration_v2_unrelated_inventory_quantity,warehouse inventory quantity,"Within the public schema belonging to garnet calibration folio, classify this descriptor: warehouse inventory quantity.",garnet calibration folio,unrelated,unrelated,,,,,,,false,true,,pending
public_calibration_v2:unrelated:calibration_v2_unrelated_inventory_quantity:public_calibration_v2-frame-3:public_calibration_v2-entity-1,public_calibration_v2,calibration_v2_unrelated_inventory_quantity,warehouse inventory quantity,Assess the intended field category for harbor evaluation card; the request says warehouse inventory quantity.,harbor evaluation card,unrelated,unrelated,,,,,,,false,true,,pending
public_calibration_v2:unrelated:calibration_v2_unrelated_meeting_cadence:public_calibration_v2-frame-0:public_calibration_v2-entity-3,public_calibration_v2,calibration_v2_unrelated_meeting_cadence,preferred meeting cadence,"For calibration subject jasper calibration subject, determine which relation the wording 'preferred meeting cadence' supports.",jasper calibration subject,unrelated,unrelated,,,,,,,false,true,,pending
public_calibration_v2:unrelated:calibration_v2_unrelated_meeting_cadence:public_calibration_v2-frame-1:public_calibration_v2-entity-0,public_calibration_v2,calibration_v2_unrelated_meeting_cadence,preferred meeting cadence,Route the answer-free field of garnet calibration folio whose semantic cue is: preferred meeting cadence.,garnet calibration folio,unrelated,unrelated,,,,,,,false,true,,pending
public_calibration_v2:unrelated:calibration_v2_unrelated_meeting_cadence:public_calibration_v2-frame-2:public_calibration_v2-entity-1,public_calibration_v2,calibration_v2_unrelated_meeting_cadence,preferred meeting cadence,"Within the public schema belonging to harbor evaluation card, classify this descriptor: preferred meeting cadence.",harbor evaluation card,unrelated,unrelated,,,,,,,false,true,,pending
public_calibration_v2:unrelated:calibration_v2_unrelated_meeting_cadence:public_calibration_v2-frame-3:public_calibration_v2-entity-2,public_calibration_v2,calibration_v2_unrelated_meeting_cadence,preferred meeting cadence,Assess the intended field category for indigo public sheet; the request says preferred meeting cadence.,indigo public sheet,unrelated,unrelated,,,,,,,false,true,,pending
public_calibration_v2:unrelated:calibration_v2_unrelated_retention_duration:public_calibration_v2-frame-0:public_calibration_v2-entity-0,public_calibration_v2,calibration_v2_unrelated_retention_duration,document retention duration,"For calibration subject garnet calibration folio, determine which relation the wording 'document retention duration' supports.",garnet calibration folio,unrelated,unrelated,,,,,,,false,true,,pending
public_calibration_v2:unrelated:calibration_v2_unrelated_retention_duration:public_calibration_v2-frame-1:public_calibration_v2-entity-1,public_calibration_v2,calibration_v2_unrelated_retention_duration,document retention duration,Route the answer-free field of harbor evaluation card whose semantic cue is: document retention duration.,harbor evaluation card,unrelated,unrelated,,,,,,,false,true,,pending
public_calibration_v2:unrelated:calibration_v2_unrelated_retention_duration:public_calibration_v2-frame-2:public_calibration_v2-entity-2,public_calibration_v2,calibration_v2_unrelated_retention_duration,document retention duration,"Within the public schema belonging to indigo public sheet, classify this descriptor: document retention duration.",indigo public sheet,unrelated,unrelated,,,,,,,false,true,,pending
public_calibration_v2:unrelated:calibration_v2_unrelated_retention_duration:public_calibration_v2-frame-3:public_calibration_v2-entity-3,public_calibration_v2,calibration_v2_unrelated_retention_duration,document retention duration,Assess the intended field category for jasper calibration subject; the request says document retention duration.,jasper calibration subject,unrelated,unrelated,,,,,,,false,true,,pending
public_calibration_v2:unrelated:calibration_v2_unrelated_carrier_selection:public_calibration_v2-frame-0:public_calibration_v2-entity-1,public_calibration_v2,calibration_v2_unrelated_carrier_selection,shipping carrier selection,"For calibration subject harbor evaluation card, determine which relation the wording 'shipping carrier selection' supports.",harbor evaluation card,unrelated,unrelated,,,,,,,false,true,,pending
public_calibration_v2:unrelated:calibration_v2_unrelated_carrier_selection:public_calibration_v2-frame-1:public_calibration_v2-entity-2,public_calibration_v2,calibration_v2_unrelated_carrier_selection,shipping carrier selection,Route the answer-free field of indigo public sheet whose semantic cue is: shipping carrier selection.,indigo public sheet,unrelated,unrelated,,,,,,,false,true,,pending
public_calibration_v2:unrelated:calibration_v2_unrelated_carrier_selection:public_calibration_v2-frame-2:public_calibration_v2-entity-3,public_calibration_v2,calibration_v2_unrelated_carrier_selection,shipping carrier selection,"Within the public schema belonging to jasper calibration subject, classify this descriptor: shipping carrier selection.",jasper calibration subject,unrelated,unrelated,,,,,,,false,true,,pending
public_calibration_v2:unrelated:calibration_v2_unrelated_carrier_selection:public_calibration_v2-frame-3:public_calibration_v2-entity-0,public_calibration_v2,calibration_v2_unrelated_carrier_selection,shipping carrier selection,Assess the intended field category for garnet calibration folio; the request says shipping carrier selection.,garnet calibration folio,unrelated,unrelated,,,,,,,false,true,,pending
public_calibration_v2:unrelated:calibration_v2_unrelated_accessibility_setting:public_calibration_v2-frame-0:public_calibration_v2-entity-2,public_calibration_v2,calibration_v2_unrelated_accessibility_setting,browser accessibility setting,"For calibration subject indigo public sheet, determine which relation the wording 'browser accessibility setting' supports.",indigo public sheet,unrelated,unrelated,,,,,,,false,true,,pending
public_calibration_v2:unrelated:calibration_v2_unrelated_accessibility_setting:public_calibration_v2-frame-1:public_calibration_v2-entity-3,public_calibration_v2,calibration_v2_unrelated_accessibility_setting,browser accessibility setting,Route the answer-free field of jasper calibration subject whose semantic cue is: browser accessibility setting.,jasper calibration subject,unrelated,unrelated,,,,,,,false,true,,pending
public_calibration_v2:unrelated:calibration_v2_unrelated_accessibility_setting:public_calibration_v2-frame-2:public_calibration_v2-entity-0,public_calibration_v2,calibration_v2_unrelated_accessibility_setting,browser accessibility setting,"Within the public schema belonging to garnet calibration folio, classify this descriptor: browser accessibility setting.",garnet calibration folio,unrelated,unrelated,,,,,,,false,true,,pending
public_calibration_v2:unrelated:calibration_v2_unrelated_accessibility_setting:public_calibration_v2-frame-3:public_calibration_v2-entity-1,public_calibration_v2,calibration_v2_unrelated_accessibility_setting,browser accessibility setting,Assess the intended field category for harbor evaluation card; the request says browser accessibility setting.,harbor evaluation card,unrelated,unrelated,,,,,,,false,true,,pending
public_calibration_v2:unrelated:calibration_v2_unrelated_energy_estimate:public_calibration_v2-frame-0:public_calibration_v2-entity-3,public_calibration_v2,calibration_v2_unrelated_energy_estimate,energy consumption estimate,"For calibration subject jasper calibration subject, determine which relation the wording 'energy consumption estimate' supports.",jasper calibration subject,unrelated,unrelated,,,,,,,false,true,,pending
public_calibration_v2:unrelated:calibration_v2_unrelated_energy_estimate:public_calibration_v2-frame-1:public_calibration_v2-entity-0,public_calibration_v2,calibration_v2_unrelated_energy_estimate,energy consumption estimate,Route the answer-free field of garnet calibration folio whose semantic cue is: energy consumption estimate.,garnet calibration folio,unrelated,unrelated,,,,,,,false,true,,pending
public_calibration_v2:unrelated:calibration_v2_unrelated_energy_estimate:public_calibration_v2-frame-2:public_calibration_v2-entity-1,public_calibration_v2,calibration_v2_unrelated_energy_estimate,energy consumption estimate,"Within the public schema belonging to harbor evaluation card, classify this descriptor: energy consumption estimate.",harbor evaluation card,unrelated,unrelated,,,,,,,false,true,,pending
public_calibration_v2:unrelated:calibration_v2_unrelated_energy_estimate:public_calibration_v2-frame-3:public_calibration_v2-entity-2,public_calibration_v2,calibration_v2_unrelated_energy_estimate,energy consumption estimate,Assess the intended field category for indigo public sheet; the request says energy consumption estimate.,indigo public sheet,unrelated,unrelated,,,,,,,false,true,,pending
