split,mutation_category,method,case_count,contract_effect_recall,forbidden_trace_acceptance_rate,safe_utility,maximal_permissiveness_ratio
calibration,clean_control,AuthSynth-CGAR,2,1.0,0.0,1.0,1.0
calibration,clean_control,AuthSynth-NoCEGAR,2,1.0,0.0,1.0,1.0
calibration,clean_control,DenyAll,2,0.0,0.0,0.0,0.0
calibration,clean_control,Gold-Contract,2,1.0,0.0,1.0,1.0
calibration,clean_control,Solver-Policy,2,1.0,0.0,1.0,1.0
calibration,clean_control,ToolGate-Declared,2,1.0,0.0,1.0,1.0
calibration,clean_control,ToolGuardian-Style,2,1.0,0.0,1.0,1.0
calibration,composition_omission,AuthSynth-CGAR,6,1.0,0.0,1.0,1.0
calibration,composition_omission,AuthSynth-NoCEGAR,6,1.0,0.0,1.0,1.0
calibration,composition_omission,DenyAll,6,0.0,0.0,0.0,0.0
calibration,composition_omission,Gold-Contract,6,1.0,0.0,1.0,1.0
calibration,composition_omission,Solver-Policy,6,1.0,1.0,1.0,1.0
calibration,composition_omission,ToolGate-Declared,6,1.0,1.0,1.0,1.0
calibration,composition_omission,ToolGuardian-Style,6,1.0,1.0,1.0,1.0
calibration,delayed_effect,AuthSynth-CGAR,6,1.0,0.0,1.0,1.0
calibration,delayed_effect,AuthSynth-NoCEGAR,6,0.6666666666666666,1.0,1.0,1.0
calibration,delayed_effect,DenyAll,6,0.0,0.0,0.0,0.0
calibration,delayed_effect,Gold-Contract,6,1.0,0.0,1.0,1.0
calibration,delayed_effect,Solver-Policy,6,0.6666666666666666,1.0,1.0,1.0
calibration,delayed_effect,ToolGate-Declared,6,0.6666666666666666,1.0,1.0,1.0
calibration,delayed_effect,ToolGuardian-Style,6,0.6666666666666666,1.0,1.0,1.0
calibration,hidden_effect,AuthSynth-CGAR,6,1.0,0.0,1.0,1.0
calibration,hidden_effect,AuthSynth-NoCEGAR,6,0.8333333333333334,0.3333333333333333,0.5,0.5
calibration,hidden_effect,DenyAll,6,0.0,0.0,0.0,0.0
calibration,hidden_effect,Gold-Contract,6,1.0,0.0,1.0,1.0
calibration,hidden_effect,Solver-Policy,6,0.5,1.0,1.0,1.0
calibration,hidden_effect,ToolGate-Declared,6,0.5,1.0,1.0,1.0
calibration,hidden_effect,ToolGuardian-Style,6,0.8333333333333334,0.3333333333333333,0.5,0.5
calibration,implementation_drift,AuthSynth-CGAR,6,1.0,0.0,1.0,1.0
calibration,implementation_drift,AuthSynth-NoCEGAR,6,0.8333333333333334,0.3333333333333333,1.0,1.0
calibration,implementation_drift,DenyAll,6,0.0,0.0,0.0,0.0
calibration,implementation_drift,Gold-Contract,6,1.0,0.0,1.0,1.0
calibration,implementation_drift,Solver-Policy,6,0.5,1.0,1.0,1.0
calibration,implementation_drift,ToolGate-Declared,6,0.5,1.0,1.0,1.0
calibration,implementation_drift,ToolGuardian-Style,6,0.8333333333333334,0.3333333333333333,1.0,1.0
calibration,parameter_role_omission,AuthSynth-CGAR,6,1.0,0.0,1.0,1.0
calibration,parameter_role_omission,AuthSynth-NoCEGAR,6,0.6666666666666666,0.6666666666666666,1.0,1.0
calibration,parameter_role_omission,DenyAll,6,0.0,0.0,0.0,0.0
calibration,parameter_role_omission,Gold-Contract,6,1.0,0.0,1.0,1.0
calibration,parameter_role_omission,Solver-Policy,6,0.5,1.0,1.0,1.0
calibration,parameter_role_omission,ToolGate-Declared,6,0.5,1.0,1.0,1.0
calibration,parameter_role_omission,ToolGuardian-Style,6,0.6666666666666666,0.6666666666666666,1.0,1.0
calibration,state_dependent_effect,AuthSynth-CGAR,6,1.0,0.0,1.0,1.0
calibration,state_dependent_effect,AuthSynth-NoCEGAR,6,0.8333333333333334,0.3333333333333333,0.8333333333333334,0.8333333333333334
calibration,state_dependent_effect,DenyAll,6,0.0,0.0,0.0,0.0
calibration,state_dependent_effect,Gold-Contract,6,1.0,0.0,1.0,1.0
calibration,state_dependent_effect,Solver-Policy,6,0.6666666666666666,1.0,1.0,1.0
calibration,state_dependent_effect,ToolGate-Declared,6,0.6666666666666666,1.0,1.0,1.0
calibration,state_dependent_effect,ToolGuardian-Style,6,0.8333333333333334,0.6666666666666666,1.0,1.0
development,clean_control,AuthSynth-CGAR,2,1.0,0.0,1.0,1.0
development,clean_control,AuthSynth-NoCEGAR,2,1.0,0.0,1.0,1.0
development,clean_control,DenyAll,2,0.0,0.0,0.0,0.0
development,clean_control,Gold-Contract,2,1.0,0.0,1.0,1.0
development,clean_control,Solver-Policy,2,1.0,0.0,1.0,1.0
development,clean_control,ToolGate-Declared,2,1.0,0.0,1.0,1.0
development,clean_control,ToolGuardian-Style,2,1.0,0.0,1.0,1.0
development,composition_omission,AuthSynth-CGAR,6,1.0,0.0,1.0,1.0
development,composition_omission,AuthSynth-NoCEGAR,6,1.0,0.0,1.0,1.0
development,composition_omission,DenyAll,6,0.0,0.0,0.0,0.0
development,composition_omission,Gold-Contract,6,1.0,0.0,1.0,1.0
development,composition_omission,Solver-Policy,6,1.0,1.0,1.0,1.0
development,composition_omission,ToolGate-Declared,6,1.0,1.0,1.0,1.0
development,composition_omission,ToolGuardian-Style,6,1.0,1.0,1.0,1.0
development,delayed_effect,AuthSynth-CGAR,6,1.0,0.0,1.0,1.0
development,delayed_effect,AuthSynth-NoCEGAR,6,0.6666666666666666,1.0,1.0,1.0
development,delayed_effect,DenyAll,6,0.0,0.0,0.0,0.0
development,delayed_effect,Gold-Contract,6,1.0,0.0,1.0,1.0
development,delayed_effect,Solver-Policy,6,0.6666666666666666,1.0,1.0,1.0
development,delayed_effect,ToolGate-Declared,6,0.6666666666666666,1.0,1.0,1.0
development,delayed_effect,ToolGuardian-Style,6,0.6666666666666666,1.0,1.0,1.0
development,hidden_effect,AuthSynth-CGAR,6,1.0,0.0,1.0,1.0
development,hidden_effect,AuthSynth-NoCEGAR,6,0.8333333333333334,0.3333333333333333,0.6666666666666666,0.6666666666666666
development,hidden_effect,DenyAll,6,0.0,0.0,0.0,0.0
development,hidden_effect,Gold-Contract,6,1.0,0.0,1.0,1.0
development,hidden_effect,Solver-Policy,6,0.5,1.0,1.0,1.0
development,hidden_effect,ToolGate-Declared,6,0.5,1.0,1.0,1.0
development,hidden_effect,ToolGuardian-Style,6,0.8333333333333334,0.3333333333333333,0.6666666666666666,0.6666666666666666
development,implementation_drift,AuthSynth-CGAR,6,1.0,0.0,1.0,1.0
development,implementation_drift,AuthSynth-NoCEGAR,6,0.8333333333333334,0.3333333333333333,1.0,1.0
development,implementation_drift,DenyAll,6,0.0,0.0,0.0,0.0
development,implementation_drift,Gold-Contract,6,1.0,0.0,1.0,1.0
development,implementation_drift,Solver-Policy,6,0.5,1.0,1.0,1.0
development,implementation_drift,ToolGate-Declared,6,0.5,1.0,1.0,1.0
development,implementation_drift,ToolGuardian-Style,6,0.8333333333333334,0.3333333333333333,1.0,1.0
development,parameter_role_omission,AuthSynth-CGAR,6,1.0,0.0,1.0,1.0
development,parameter_role_omission,AuthSynth-NoCEGAR,6,0.6666666666666666,0.6666666666666666,1.0,1.0
development,parameter_role_omission,DenyAll,6,0.0,0.0,0.0,0.0
development,parameter_role_omission,Gold-Contract,6,1.0,0.0,1.0,1.0
development,parameter_role_omission,Solver-Policy,6,0.5,1.0,1.0,1.0
development,parameter_role_omission,ToolGate-Declared,6,0.5,1.0,1.0,1.0
development,parameter_role_omission,ToolGuardian-Style,6,0.6666666666666666,0.6666666666666666,1.0,1.0
development,state_dependent_effect,AuthSynth-CGAR,6,1.0,0.0,1.0,1.0
development,state_dependent_effect,AuthSynth-NoCEGAR,6,0.8333333333333334,0.3333333333333333,0.8333333333333334,0.8333333333333334
development,state_dependent_effect,DenyAll,6,0.0,0.0,0.0,0.0
development,state_dependent_effect,Gold-Contract,6,1.0,0.0,1.0,1.0
development,state_dependent_effect,Solver-Policy,6,0.6666666666666666,1.0,1.0,1.0
development,state_dependent_effect,ToolGate-Declared,6,0.6666666666666666,1.0,1.0,1.0
development,state_dependent_effect,ToolGuardian-Style,6,0.8333333333333334,0.6666666666666666,0.8333333333333334,0.8333333333333334
locked_test,composition_omission,AuthSynth-CGAR,6,1.0,0.0,1.0,1.0
locked_test,composition_omission,AuthSynth-NoCEGAR,6,1.0,0.0,1.0,1.0
locked_test,composition_omission,DenyAll,6,0.0,0.0,0.0,0.0
locked_test,composition_omission,Gold-Contract,6,1.0,0.0,1.0,1.0
locked_test,composition_omission,Solver-Policy,6,1.0,1.0,1.0,1.0
locked_test,composition_omission,ToolGate-Declared,6,1.0,1.0,1.0,1.0
locked_test,composition_omission,ToolGuardian-Style,6,1.0,1.0,1.0,1.0
locked_test,delayed_effect,AuthSynth-CGAR,6,1.0,0.0,1.0,1.0
locked_test,delayed_effect,AuthSynth-NoCEGAR,6,0.6666666666666666,1.0,1.0,1.0
locked_test,delayed_effect,DenyAll,6,0.0,0.0,0.0,0.0
locked_test,delayed_effect,Gold-Contract,6,1.0,0.0,1.0,1.0
locked_test,delayed_effect,Solver-Policy,6,0.6666666666666666,1.0,1.0,1.0
locked_test,delayed_effect,ToolGate-Declared,6,0.6666666666666666,1.0,1.0,1.0
locked_test,delayed_effect,ToolGuardian-Style,6,0.6666666666666666,1.0,1.0,1.0
locked_test,hidden_effect,AuthSynth-CGAR,6,1.0,0.0,1.0,1.0
locked_test,hidden_effect,AuthSynth-NoCEGAR,6,0.8333333333333334,0.3333333333333333,0.6666666666666666,0.6666666666666666
locked_test,hidden_effect,DenyAll,6,0.0,0.0,0.0,0.0
locked_test,hidden_effect,Gold-Contract,6,1.0,0.0,1.0,1.0
locked_test,hidden_effect,Solver-Policy,6,0.5,1.0,1.0,1.0
locked_test,hidden_effect,ToolGate-Declared,6,0.5,1.0,1.0,1.0
locked_test,hidden_effect,ToolGuardian-Style,6,0.8333333333333334,0.3333333333333333,0.6666666666666666,0.6666666666666666
locked_test,implementation_drift,AuthSynth-CGAR,6,1.0,0.0,1.0,1.0
locked_test,implementation_drift,AuthSynth-NoCEGAR,6,0.8333333333333334,0.3333333333333333,1.0,1.0
locked_test,implementation_drift,DenyAll,6,0.0,0.0,0.0,0.0
locked_test,implementation_drift,Gold-Contract,6,1.0,0.0,1.0,1.0
locked_test,implementation_drift,Solver-Policy,6,0.5,1.0,1.0,1.0
locked_test,implementation_drift,ToolGate-Declared,6,0.5,1.0,1.0,1.0
locked_test,implementation_drift,ToolGuardian-Style,6,0.8333333333333334,0.3333333333333333,1.0,1.0
locked_test,parameter_role_omission,AuthSynth-CGAR,6,1.0,0.0,1.0,1.0
locked_test,parameter_role_omission,AuthSynth-NoCEGAR,6,0.6666666666666666,0.6666666666666666,1.0,1.0
locked_test,parameter_role_omission,DenyAll,6,0.0,0.0,0.0,0.0
locked_test,parameter_role_omission,Gold-Contract,6,1.0,0.0,1.0,1.0
locked_test,parameter_role_omission,Solver-Policy,6,0.5,1.0,1.0,1.0
locked_test,parameter_role_omission,ToolGate-Declared,6,0.5,1.0,1.0,1.0
locked_test,parameter_role_omission,ToolGuardian-Style,6,0.6666666666666666,0.6666666666666666,1.0,1.0
locked_test,state_dependent_effect,AuthSynth-CGAR,6,1.0,0.0,1.0,1.0
locked_test,state_dependent_effect,AuthSynth-NoCEGAR,6,0.8333333333333334,0.3333333333333333,1.0,1.0
locked_test,state_dependent_effect,DenyAll,6,0.0,0.0,0.0,0.0
locked_test,state_dependent_effect,Gold-Contract,6,1.0,0.0,1.0,1.0
locked_test,state_dependent_effect,Solver-Policy,6,0.6666666666666666,1.0,1.0,1.0
locked_test,state_dependent_effect,ToolGate-Declared,6,0.6666666666666666,1.0,1.0,1.0
locked_test,state_dependent_effect,ToolGuardian-Style,6,0.8333333333333334,0.6666666666666666,1.0,1.0
train,clean_control,AuthSynth-CGAR,2,1.0,0.0,1.0,1.0
train,clean_control,AuthSynth-NoCEGAR,2,1.0,0.0,1.0,1.0
train,clean_control,DenyAll,2,0.0,0.0,0.0,0.0
train,clean_control,Gold-Contract,2,1.0,0.0,1.0,1.0
train,clean_control,Solver-Policy,2,1.0,0.0,1.0,1.0
train,clean_control,ToolGate-Declared,2,1.0,0.0,1.0,1.0
train,clean_control,ToolGuardian-Style,2,1.0,0.0,1.0,1.0
train,composition_omission,AuthSynth-CGAR,6,1.0,0.0,1.0,1.0
train,composition_omission,AuthSynth-NoCEGAR,6,1.0,0.0,1.0,1.0
train,composition_omission,DenyAll,6,0.0,0.0,0.0,0.0
train,composition_omission,Gold-Contract,6,1.0,0.0,1.0,1.0
train,composition_omission,Solver-Policy,6,1.0,1.0,1.0,1.0
train,composition_omission,ToolGate-Declared,6,1.0,1.0,1.0,1.0
train,composition_omission,ToolGuardian-Style,6,1.0,1.0,1.0,1.0
train,delayed_effect,AuthSynth-CGAR,6,1.0,0.0,1.0,1.0
train,delayed_effect,AuthSynth-NoCEGAR,6,0.6666666666666666,1.0,1.0,1.0
train,delayed_effect,DenyAll,6,0.0,0.0,0.0,0.0
train,delayed_effect,Gold-Contract,6,1.0,0.0,1.0,1.0
train,delayed_effect,Solver-Policy,6,0.6666666666666666,1.0,1.0,1.0
train,delayed_effect,ToolGate-Declared,6,0.6666666666666666,1.0,1.0,1.0
train,delayed_effect,ToolGuardian-Style,6,0.6666666666666666,1.0,1.0,1.0
train,hidden_effect,AuthSynth-CGAR,6,1.0,0.0,1.0,1.0
train,hidden_effect,AuthSynth-NoCEGAR,6,0.8333333333333334,0.3333333333333333,0.6666666666666666,0.6666666666666666
train,hidden_effect,DenyAll,6,0.0,0.0,0.0,0.0
train,hidden_effect,Gold-Contract,6,1.0,0.0,1.0,1.0
train,hidden_effect,Solver-Policy,6,0.5,1.0,1.0,1.0
train,hidden_effect,ToolGate-Declared,6,0.5,1.0,1.0,1.0
train,hidden_effect,ToolGuardian-Style,6,0.8333333333333334,0.3333333333333333,0.6666666666666666,0.6666666666666666
train,implementation_drift,AuthSynth-CGAR,6,1.0,0.0,1.0,1.0
train,implementation_drift,AuthSynth-NoCEGAR,6,0.8333333333333334,0.3333333333333333,1.0,1.0
train,implementation_drift,DenyAll,6,0.0,0.0,0.0,0.0
train,implementation_drift,Gold-Contract,6,1.0,0.0,1.0,1.0
train,implementation_drift,Solver-Policy,6,0.5,1.0,1.0,1.0
train,implementation_drift,ToolGate-Declared,6,0.5,1.0,1.0,1.0
train,implementation_drift,ToolGuardian-Style,6,0.8333333333333334,0.3333333333333333,1.0,1.0
train,parameter_role_omission,AuthSynth-CGAR,6,1.0,0.0,1.0,1.0
train,parameter_role_omission,AuthSynth-NoCEGAR,6,0.6666666666666666,0.6666666666666666,1.0,1.0
train,parameter_role_omission,DenyAll,6,0.0,0.0,0.0,0.0
train,parameter_role_omission,Gold-Contract,6,1.0,0.0,1.0,1.0
train,parameter_role_omission,Solver-Policy,6,0.5,1.0,1.0,1.0
train,parameter_role_omission,ToolGate-Declared,6,0.5,1.0,1.0,1.0
train,parameter_role_omission,ToolGuardian-Style,6,0.6666666666666666,0.6666666666666666,1.0,1.0
train,state_dependent_effect,AuthSynth-CGAR,6,1.0,0.0,1.0,1.0
train,state_dependent_effect,AuthSynth-NoCEGAR,6,0.8333333333333334,0.3333333333333333,0.8333333333333334,0.8333333333333334
train,state_dependent_effect,DenyAll,6,0.0,0.0,0.0,0.0
train,state_dependent_effect,Gold-Contract,6,1.0,0.0,1.0,1.0
train,state_dependent_effect,Solver-Policy,6,0.6666666666666666,1.0,1.0,1.0
train,state_dependent_effect,ToolGate-Declared,6,0.6666666666666666,1.0,1.0,1.0
train,state_dependent_effect,ToolGuardian-Style,6,0.8333333333333334,0.6666666666666666,1.0,1.0
